Player,Team
Nelson Agholor,Baltimore Ravens
Mark Andrews,Baltimore Ravens
Jalyn Armour-Davis,Baltimore Ravens
Malaesala Aumavae-Laulu,Baltimore Ravens
Rashod Bateman,Baltimore Ravens
Ben Cleveland,Baltimore Ravens
Malik Cunningham,Baltimore Ravens
Daniel Faalele,Baltimore Ravens
Zay Flowers,Baltimore Ravens
Kyle Hamilton,Baltimore Ravens
Malik Hamm,Baltimore Ravens
Malik Harrison,Baltimore Ravens
Derrick Henry,Baltimore Ravens
Justice Hill,Baltimore Ravens
Marlon Humphrey,Baltimore Ravens
Lamar Jackson,Baltimore Ravens
Josh Johnson,Baltimore Ravens
Travis Jones,Baltimore Ravens
Charlie Kolar,Baltimore Ravens
Isaiah Likely,Baltimore Ravens
Tyler Linderbaum,Baltimore Ravens
Justin Madubuike,Baltimore Ravens
Patrick Mekari,Baltimore Ravens
Keaton Mitchell,Baltimore Ravens
Nick Moore,Baltimore Ravens
Trayvon Mullen,Baltimore Ravens
David Ojabo,Baltimore Ravens
Odafe Oweh,Baltimore Ravens
Michael Pierce,Baltimore Ravens
Patrick Ricard,Baltimore Ravens
Tavius Robinson,Baltimore Ravens
Trenton Simpson,Baltimore Ravens
Roquan Smith,Baltimore Ravens
Ronnie Stanley,Baltimore Ravens
Brandon Stephens,Baltimore Ravens
Jordan Stout,Baltimore Ravens
Justin Tucker,Baltimore Ravens
Brent Urban,Baltimore Ravens
Andrew Vorhees,Baltimore Ravens
Tylan Wallace,Baltimore Ravens
Ar'Darius Washington,Baltimore Ravens
Broderick Washington,Baltimore Ravens
Damarion Williams,Baltimore Ravens
Marcus Williams,Baltimore Ravens
Logan Wilson,Cincinnati Bengals
Trayveon Williams,Cincinnati Bengals
Cordell Volson,Cincinnati Bengals
DJ Turner II,Cincinnati Bengals
Jay Tufele,Cincinnati Bengals
Cam Taylor-Britt,Cincinnati Bengals
Geno Stone,Cincinnati Bengals
D'Ante Smith,Cincinnati Bengals
Drew Sample,Cincinnati Bengals
Cam Sample,Cincinnati Bengals
Brad Robbins,Cincinnati Bengals
Kendric Pryor,Cincinnati Bengals
Germaine Pratt,Cincinnati Bengals
Joseph Ossai,Cincinnati Bengals
Myles Murphy,Cincinnati Bengals
Zack Moss,Cincinnati Bengals
Evan McPherson,Cincinnati Bengals
Devonnsha Maxwell,Cincinnati Bengals
Kwamie Lassiter II,Cincinnati Bengals
Jaxson Kirkland,Cincinnati Bengals
Ted Karras,Cincinnati Bengals
Charlie Jones,Cincinnati Bengals
Shedrick Jackson,Cincinnati Bengals
DJ Ivey,Cincinnati Bengals
Andrei Iosivas,Cincinnati Bengals
Tanner Hudson,Cincinnati Bengals
Sam Hubbard,Cincinnati Bengals
Mike Hilton,Cincinnati Bengals
Trey Hill,Cincinnati Bengals
Dax Hill,Cincinnati Bengals
B.J. Hill,Cincinnati Bengals
Tee Higgins,Cincinnati Bengals
Shaka Heyward,Cincinnati Bengals
Trey Hendrickson,Cincinnati Bengals
Devin Harper,Cincinnati Bengals
Jeff Gunter,Cincinnati Bengals
Nate Gilliam,Cincinnati Bengals
Mike Gesicki,Cincinnati Bengals
Allan George,Cincinnati Bengals
Cody Ford,Cincinnati Bengals
Chris Evans,Cincinnati Bengals
Akeem Davis-Gaither,Cincinnati Bengals
Jalen Davis,Cincinnati Bengals
Domenique Davis,Cincinnati Bengals
Devin Cochran,Cincinnati Bengals
Ja'Marr Chase,Cincinnati Bengals
Zach Carter,Cincinnati Bengals
Jackson Carman,Cincinnati Bengals
Alex Cappa,Cincinnati Bengals
Joe Burrow,Cincinnati Bengals
Jake Browning,Cincinnati Bengals
Orlando Brown Jr.,Cincinnati Bengals
Chase Brown,Cincinnati Bengals
Vonn Bell,Cincinnati Bengals
Travis Bell,Cincinnati Bengals
Jordan Battle,Cincinnati Bengals
Tycen Anderson,Cincinnati Bengals
Cal Adomitis,Cincinnati Bengals
Hakeem Adeniji,Cleveland Browns
Jordan Akins,Cleveland Browns
D'Anthony Bell,Cleveland Browns
David Bell,Cleveland Browns
Joel Bitonio,Cleveland Browns
Corey Bojorquez,Cleveland Browns
Devin Bush,Cleveland Browns
Nick Chubb,Cleveland Browns
Jack Conklin,Cleveland Browns
Amari Cooper,Cleveland Browns
Jaelon Darden,Cleveland Browns
Dawson Deaton,Cleveland Browns
Grant Delpit,Cleveland Browns
Mohamoud Diabate,Cleveland Browns
Michael Dunn,Cleveland Browns
Martin Emerson Jr.,Cleveland Browns
Tony Fields II,Cleveland Browns
Drew Forbes,Cleveland Browns
Jerome Ford,Cleveland Browns
Myles Garrett,Cleveland Browns
Vincent Gray,Cleveland Browns
Kahlef Hailassie,Cleveland Browns
Shelby Harris,Cleveland Browns
Lucas Havrisik,Cleveland Browns
Ronnie Hickman,Cleveland Browns
Jordan Hicks,Cleveland Browns
Dustin Hopkins,Cleveland Browns
James Hudson III,Cleveland Browns
Charley Hughlett,Cleveland Browns
Maurice Hurst II,Cleveland Browns
Siaki Ika,Cleveland Browns
Jerry Jeudy,Cleveland Browns
Caleb Johnson,Cleveland Browns
Dawand Jones,Cleveland Browns
Sam Kamara,Cleveland Browns
John Kelly Jr.,Cleveland Browns
Isaiah McGuire,Cleveland Browns
Cameron Mitchell,Cleveland Browns
Zaire Mitchell-Paden,Cleveland Browns
Elijah Moore,Cleveland Browns
Justin Murray,Cleveland Browns
Greg Newsome II,Cleveland Browns
David Njoku,Cleveland Browns
Ogbo Okoronkwo,Cleveland Browns
Jeremiah Owusu-Koramoah,Cleveland Browns
Jayden Peevy,Cleveland Browns
Lonnie Phelps,Cleveland Browns
Ethan Pocic,Cleveland Browns
Giovanni Ricci,Cleveland Browns
Za'Darius Smith,Cleveland Browns
Pierre Strong Jr.,Cleveland Browns
Wyatt Teller,Cleveland Browns
Charlie Thomas III,Cleveland Browns
Isaiah Thomas,Cleveland Browns
Dorian Thompson-Robinson,Cleveland Browns
Juan Thornhill,Cleveland Browns
Cedric Tillman,Cleveland Browns
Dalvin Tomlinson,Cleveland Browns
Denzel Ward,Cleveland Browns
Deshaun Watson,Cleveland Browns
Leroy Watson,Cleveland Browns
Chris Williams,Cleveland Browns
Jedrick Wills Jr.,Cleveland Browns
Michael Woods II,Cleveland Browns
Alex Wright,Cleveland Browns
Luke Wypler,Cleveland Browns
Spencer Anderson,Pittsburgh Steelers
Calvin Austin III,Pittsburgh Steelers
Luq Barcoo,Pittsburgh Steelers
Kalon Barnes,Pittsburgh Steelers
Tyler Beach,Pittsburgh Steelers
Keeanu Benton,Pittsburgh Steelers
Chris Boswell,Pittsburgh Steelers
Marquez Callaway,Pittsburgh Steelers
Jack Colletto,Pittsburgh Steelers
Dylan Cook,Pittsburgh Steelers
James Daniels,Pittsburgh Steelers
Kellen Diesch,Pittsburgh Steelers
DeShon Elliott,Pittsburgh Steelers
Jalen Elliott,Pittsburgh Steelers
Breiden Fehoko,Pittsburgh Steelers
Joey Fisher,Pittsburgh Steelers
Dez Fitzpatrick,Pittsburgh Steelers
Minkah Fitzpatrick,Pittsburgh Steelers
Pat Freiermuth,Pittsburgh Steelers
Alfonzo Graham,Pittsburgh Steelers
Thomas Graham Jr.,Pittsburgh Steelers
Devery Hamilton,Pittsburgh Steelers
Anderson Hardy,Pittsburgh Steelers
Keilahn Harris,Pittsburgh Steelers
Najee Harris,Pittsburgh Steelers
Nate Herbig,Pittsburgh Steelers
Nick Herbig,Pittsburgh Steelers
Cameron Heyward,Pittsburgh Steelers
Connor Heyward,Pittsburgh Steelers
Alex Highsmith,Pittsburgh Steelers
Cole Holcomb,Pittsburgh Steelers
Donte Jackson,Pittsburgh Steelers
Kyron Johnson,Pittsburgh Steelers
Broderick Jones,Pittsburgh Steelers
Damontae Kazee,Pittsburgh Steelers
Christian Kuntz,Pittsburgh Steelers
DeMarvin Leal,Pittsburgh Steelers
Isaiahh Loudermilk,Pittsburgh Steelers
Jonathan Marshall,Pittsburgh Steelers
Ryan McCollum,Pittsburgh Steelers
Nathan Meadors,Pittsburgh Steelers
Denzel Mims,Pittsburgh Steelers
Jeremiah Moon,Pittsburgh Steelers
Dan Moore Jr.,Pittsburgh Steelers
Tyler Murray,Pittsburgh Steelers
Larry Ogunjobi,Pittsburgh Steelers
David Perales,Pittsburgh Steelers
George Pickens,Pittsburgh Steelers
Kenny Pickett,Pittsburgh Steelers
Joey Porter Jr.,Pittsburgh Steelers
Patrick Queen,Pittsburgh Steelers
Elandon Roberts,Pittsburgh Steelers
Mark Robinson,Pittsburgh Steelers
Darius Rush,Pittsburgh Steelers
Josiah Scott,Pittsburgh Steelers
Isaac Seumalo,Pittsburgh Steelers
Aaron Shampklin,Pittsburgh Steelers
Jacob Slade,Pittsburgh Steelers
Trenton Thompson,Pittsburgh Steelers
Cory Trice Jr.,Pittsburgh Steelers
Jaylen Warren,Pittsburgh Steelers
Darnell Washington,Pittsburgh Steelers
T.J. Watt,Pittsburgh Steelers
Duece Watts,Pittsburgh Steelers
Rodney Williams,Pittsburgh Steelers
Russell Wilson,Pittsburgh Steelers
Josh Allen,Buffalo Bills
Alec Anderson,Buffalo Bills
Tyler Bass,Buffalo Bills
Christian Benford,Buffalo Bills
Terrel Bernard,Buffalo Bills
Spencer Brown,Buffalo Bills
James Cook,Buffalo Bills
Zach Davidson,Buffalo Bills
Dion Dawkins,Buffalo Bills
Stefon Diggs,Buffalo Bills
Rasul Douglas,Buffalo Bills
Tommy Doyle,Buffalo Bills
David Edwards,Buffalo Bills
Kaiir Elam,Buffalo Bills
A.J. Epenesa,Buffalo Bills
Reid Ferguson,Buffalo Bills
Reggie Gilliam,Buffalo Bills
Matt Haack,Buffalo Bills
Damar Hamlin,Buffalo Bills
Mack Hollins,Buffalo Bills
Taron Johnson,Buffalo Bills
Kingsley Jonathan,Buffalo Bills
DaQuan Jones,Buffalo Bills
Dalton Kincaid,Buffalo Bills
Dawson Knox,Buffalo Bills
Cam Lewis,Buffalo Bills
Sam Martin,Buffalo Bills
Connor McGovern,Buffalo Bills
Matt Milano,Buffalo Bills
Von Miller,Buffalo Bills
Quintin Morris,Buffalo Bills
Nicholas Morrow,Buffalo Bills
Ed Oliver,Buffalo Bills
Taylor Rapp,Buffalo Bills
Greg Rousseau,Buffalo Bills
Curtis Samuel,Buffalo Bills
Khalil Shakir,Buffalo Bills
Justin Shorter,Buffalo Bills
Baylon Spector,Buffalo Bills
O'Cyrus Torrence,Buffalo Bills
Mitchell Trubisky,Buffalo Bills
Ryan Van Demark,Buffalo Bills
Dorian Williams,Buffalo Bills
De'Von Achane,Miami Dolphins
Salvon Ahmed,Miami Dolphins
Terron Armstead,Miami Dolphins
Jake Bailey,Miami Dolphins
Quinton Bell,Miami Dolphins
Ethan Bonner,Miami Dolphins
Aaron Brewer,Miami Dolphins
Chris Brooks,Miami Dolphins
Jordyn Brooks,Miami Dolphins
Elijah Campbell,Miami Dolphins
Bradley Chubb,Miami Dolphins
Tanner Conner,Miami Dolphins
Lester Cotton,Miami Dolphins
Liam Eichenberg,Miami Dolphins
Erik Ezukanma,Miami Dolphins
Blake Ferguson,Miami Dolphins
Jody Fortson,Miami Dolphins
Neville Gallimore,Miami Dolphins
Cameron Goode,Miami Dolphins
Ryan Hayes,Miami Dolphins
Julian Hill,Miami Dolphins
Tyreek Hill,Miami Dolphins
Chasen Hines,Miami Dolphins
Jevon Holland,Miami Dolphins
Alec Ingold,Miami Dolphins
Austin Jackson,Miami Dolphins
Robert Jones,Miami Dolphins
Kader Kohou,Miami Dolphins
David Long Jr.,Miami Dolphins
Isaiah Mack,Miami Dolphins
Raheem Mostert,Miami Dolphins
Siran Neal,Miami Dolphins
Nik Needham,Miami Dolphins
Daviyon Nixon,Miami Dolphins
Jaelan Phillips,Miami Dolphins
Brandon Pili,Miami Dolphins
Jalen Ramsey,Miami Dolphins
Duke Riley,Miami Dolphins
Jason Sanders,Miami Dolphins
Braylon Sanders,Miami Dolphins
Anthony Schwartz,Miami Dolphins
Mathew Sexton,Miami Dolphins
Zach Sieler,Miami Dolphins
Cam Smith,Miami Dolphins
Jonnu Smith,Miami Dolphins
Kion Smith,Miami Dolphins
Durham Smythe,Miami Dolphins
Tua Tagovailoa,Miami Dolphins
Skylar Thompson,Miami Dolphins
Channing Tindall,Miami Dolphins
Zeke Vandenburgh,Miami Dolphins
Jaylen Waddle,Miami Dolphins
Anthony Walker Jr.,Miami Dolphins
Mike White,Miami Dolphins
Jeff Wilson Jr.,Miami Dolphins
Calvin Anderson,New England Patriots
David Andrews,New England Patriots
Jake Andrews,New England Patriots
Alex Austin,New England Patriots
Bryce Baringer,New England Patriots
Christian Barmore,New England Patriots
Ja'Whaun Bentley,New England Patriots
Joshua Bledsoe,New England Patriots
Isaiah Bolden,New England Patriots
Kayshon Boutte,New England Patriots
William Bradley-King,New England Patriots
Jacoby Brissett,New England Patriots
Joe Cardona,New England Patriots
DeMario Douglas,New England Patriots
Daniel Ekuale,New England Patriots
Christian Elliss,New England Patriots
Antonio Gibson,New England Patriots
Joe Giles-Harris,New England Patriots
Davon Godchaux,New England Patriots
Christian Gonzalez,New England Patriots
Kevin Harris,New England Patriots
JaMycal Hasty,New England Patriots
Azizi Hearn,New England Patriots
Hunter Henry,New England Patriots
Trysten Hill,New England Patriots
Austin Hooper,New England Patriots
Anfernee Jennings,New England Patriots
Jonathan Jones,New England Patriots
Marcus Jones,New England Patriots
Matthew Judon,New England Patriots
Nick Leverett,New England Patriots
Vederian Lowe,New England Patriots
T.J. Luther,New England Patriots
Atonio Mafi,New England Patriots
Marte Mapu,New England Patriots
Conor McDermott,New England Patriots
Raekwon McMillan,New England Patriots
Chukwuma Okorafor,New England Patriots
Mike Onwenu,New England Patriots
Jabrill Peppers,New England Patriots
La'Michael Pettway,New England Patriots
Jeremiah Pharms Jr.,New England Patriots
Jalen Reagor,New England Patriots
Sam Roberts,New England Patriots
Nathan Rourke,New England Patriots
Chad Ryland,New England Patriots
Brenden Schooler,New England Patriots
Matthew Slater,New England Patriots
JuJu Smith-Schuster,New England Patriots
Sidy Sow,New England Patriots
Rhamondre Stevenson,New England Patriots
Cole Strange,New England Patriots
Andrew Stueber,New England Patriots
Sione Takitaki,New England Patriots
Jahlani Tavai,New England Patriots
Tyquan Thornton,New England Patriots
Josh Uche,New England Patriots
Ke'Shawn Vaughn,New England Patriots
Shaun Wade,New England Patriots
Armon Watts,New England Patriots
Tyrone Wheatley Jr.,New England Patriots
Keion White,New England Patriots
Marco Wilson,New England Patriots
Deatrich Wise Jr.,New England Patriots
Bailey Zappe,New England Patriots
Israel Abanikanda,New York Jets
Tony Adams,New York Jets
Zaire Barnes,New York Jets
Nick Bawden,New York Jets
Jarrick Bernard-Converse,New York Jets
Jason Brownlee,New York Jets
Michael Carter II,New York Jets
Irvin Charles,New York Jets
Chuck Clark,New York Jets
Micheal Clemons,New York Jets
Tyler Conklin,New York Jets
Austin Deculus,New York Jets
Brandin Echols,New York Jets
Obinna Eze,New York Jets
Leki Fotu,New York Jets
John Franklin-Myers,New York Jets
Sauce Gardner,New York Jets
Xavier Gipson,New York Jets
Chris Glaser,New York Jets
Vitaliy Gurman,New York Jets
Breece Hall,New York Jets
Jake Hanson,New York Jets
Tae Hayes,New York Jets
Bruce Hector,New York Jets
Thomas Hennessy,New York Jets
Jermaine Johnson,New York Jets
Manny Jones,New York Jets
Javon Kinlaw,New York Jets
Zack Kuntz,New York Jets
Allen Lazard,New York Jets
Marcelino McCrary-Ball,New York Jets
Lance McCutcheon,New York Jets
Will McDonald IV,New York Jets
Max Mitchell,New York Jets
Thomas Morstead,New York Jets
Morgan Moses,New York Jets
C.J. Mosley,New York Jets
Xavier Newman,New York Jets
Isaiah Oliver,New York Jets
Jacques Patrick,New York Jets
D.J. Reed,New York Jets
Aaron Rodgers,New York Jets
Jeremy Ruckert,New York Jets
Wes Schweitzer,New York Jets
Austin Seibert,New York Jets
Jamien Sherwood,New York Jets
John Simpson,New York Jets
Tanzel Smart,New York Jets
Marquiss Spencer,New York Jets
Chazz Surratt,New York Jets
Malik Taylor,New York Jets
Tyrod Taylor,New York Jets
Joe Tippmann,New York Jets
Xazavian Valladay,New York Jets
Alijah Vera-Tucker,New York Jets
Carter Warren,New York Jets
Quincy Williams,New York Jets
Quinnen Williams,New York Jets
Garrett Wilson,New York Jets
Zach Wilson,New York Jets
Kenny Yeboah,New York Jets
McTelvin Agim,Houston Texans
Azeez Al-Shaair,Houston Texans
Will Anderson Jr.,Houston Texans
Denico Autry,Houston Texans
Alex Bachman,Houston Texans
Andrew Beck,Houston Texans
Kris Boyd,Houston Texans
Tim Boyle,Houston Texans
Nick Broeker,Houston Texans
Noah Brown,Houston Texans
Nico Collins,Houston Texans
Khalil Davis,Houston Texans
Tank Dell,Houston Texans
Gerrid Doaks,Houston Texans
Dieter Eiselen,Houston Texans
Ka'imi Fairbairn,Houston Texans
Mike Ford,Houston Texans
Ali Gaye,Houston Texans
Kendrick Green,Houston Texans
Kenyon Green,Houston Texans
Troy Hairston,Houston Texans
Jake Hansen,Houston Texans
Christian Harris,Houston Texans
Marcus Haynes,Houston Texans
Brandon Hill,Houston Texans
Kurt Hinish,Houston Texans
Ka'dar Hollman,Houston Texans
Dylan Horton,Houston Texans
Tytus Howard,Houston Texans
Danielle Hunter,Houston Texans
Xavier Hutchinson,Houston Texans
Johnny Johnson III,Houston Texans
Lonnie Johnson Jr.,Houston Texans
Brevin Jordan,Houston Texans
Dalton Keene,Houston Texans
Case Keenum,Houston Texans
Desmond King II,Houston Texans
Shaq Mason,Houston Texans
John Metchie III,Houston Texans
Davis Mills,Houston Texans
Joe Mixon,Houston Texans
Eric Murray,Houston Texans
Jarrett Patterson,Houston Texans
Dameon Pierce,Houston Texans
Jalen Pitre,Houston Texans
Troy Pride,Houston Texans
Teagan Quitoriano,Houston Texans
D'Angelo Ross,Houston Texans
Myjai Sanders,Houston Texans
Dalton Schultz,Houston Texans
Juice Scruggs,Houston Texans
Tim Settle,Houston Texans
David Sharpe,Houston Texans
M.J. Stewart,Houston Texans
Derek Stingley Jr.,Houston Texans
C.J. Stroud,Houston Texans
J.J. Taylor,Houston Texans
Jaylon Thomas,Houston Texans
Josh Thompson,Houston Texans
Henry To'oTo'o,Houston Texans
Tommy Townsend,Houston Texans
Laremy Tunsil,Houston Texans
Jimmie Ward,Houston Texans
Jared Wayne,Houston Texans
Jon Weeks,Houston Texans
Robert Woods,Houston Texans
Kilian Zierer,Houston Texans
Adetomiwa Adebawore,Indianapolis Colts
Austin Ajiake,Indianapolis Colts
Mo Alie-Cox,Indianapolis Colts
Jack Anderson,Indianapolis Colts
Liam Anderson,Indianapolis Colts
Genard Avery,Indianapolis Colts
Darrell Baker Jr.,Indianapolis Colts
JuJu Brents,Indianapolis Colts
Kendell Brooks,Indianapolis Colts
DeForest Buckner,Indianapolis Colts
Terrell Bynum,Indianapolis Colts
Tyrie Cleveland,Indianapolis Colts
Nick Cross,Indianapolis Colts
Marcel Dabo,Indianapolis Colts
Raekwon Davis,Indianapolis Colts
Trevor Denbow,Indianapolis Colts
Josh Downs,Indianapolis Colts
Ashton Dulin,Indianapolis Colts
Samson Ebukam,Indianapolis Colts
Sam Ehlinger,Indianapolis Colts
Ethan Fernea,Indianapolis Colts
Dallis Flowers,Indianapolis Colts
Zaire Franklin,Indianapolis Colts
Blake Freeland,Indianapolis Colts
Wesley French,Indianapolis Colts
Will Fries,Indianapolis Colts
Matt Gay,Indianapolis Colts
Tyler Goodson,Indianapolis Colts
Kylen Granson,Indianapolis Colts
Arlington Hambright,Indianapolis Colts
Ronnie Harrison Jr.,Indianapolis Colts
Evan Hull,Indianapolis Colts
Eric Johnson II,Indianapolis Colts
Jaylon Jones,Indianapolis Colts
Ryan Kelly,Indianapolis Colts
Lewis Kidd,Indianapolis Colts
Chris Lammons,Indianapolis Colts
Isaiah Land,Indianapolis Colts
Titus Leo,Indianapolis Colts
Tyquan Lewis,Indianapolis Colts
Will Mallory,Indianapolis Colts
Cameron McGrone,Indianapolis Colts
D.J. Montgomery,Indianapolis Colts
Kenny Moore II,Indianapolis Colts
Jordan Murray,Indianapolis Colts
Quenton Nelson,Indianapolis Colts
Dayo Odeyingbo,Indianapolis Colts
Segun Olubi,Indianapolis Colts
Kwity Paye,Indianapolis Colts
Alec Pierce,Indianapolis Colts
Michael Pittman Jr.,Indianapolis Colts
Bernhard Raimann,Indianapolis Colts
Luke Rhodes,Indianapolis Colts
Anthony Richardson,Indianapolis Colts
Rigoberto Sanchez,Indianapolis Colts
Daniel Scott,Indianapolis Colts
Zavier Scott,Indianapolis Colts
Trey Sermon,Indianapolis Colts
Josh Sills,Indianapolis Colts
Braden Smith,Indianapolis Colts
Ameer Speed,Indianapolis Colts
E.J. Speed,Indianapolis Colts
Grover Stewart,Indianapolis Colts
Grant Stuard,Indianapolis Colts
Jonathan Taylor,Indianapolis Colts
Rodney Thomas II,Indianapolis Colts
Eric Tomlinson,Indianapolis Colts
Michael Tutsie,Indianapolis Colts
Juwann Winfree,Indianapolis Colts
Jake Witt,Indianapolis Colts
Jelani Woods,Indianapolis Colts
Yasir Abdullah,Jacksonville Jaguars
Josh Allen,Jacksonville Jaguars
Arik Armstead,Jacksonville Jaguars
C.J. Beathard,Jacksonville Jaguars
Tank Bigsby,Jacksonville Jaguars
Christian Braswell,Jacksonville Jaguars
Chandler Brewer,Jacksonville Jaguars
Montaric Brown,Jacksonville Jaguars
Tevaughn Campbell,Jacksonville Jaguars
Tyson Campbell,Jacksonville Jaguars
Andre Cisco,Jacksonville Jaguars
Ezra Cleveland,Jacksonville Jaguars
DJ Coleman,Jacksonville Jaguars
Snoop Conner,Jacksonville Jaguars
Logan Cooke,Jacksonville Jaguars
Elijah Cooks,Jacksonville Jaguars
Ronald Darby,Jacksonville Jaguars
Gabe Davis,Jacksonville Jaguars
De'Shaan Dixon,Jacksonville Jaguars
Devin Duvernay,Jacksonville Jaguars
Evan Engram,Jacksonville Jaguars
Travis Etienne Jr.,Jacksonville Jaguars
Luke Farrell,Jacksonville Jaguars
Luke Fortner,Jacksonville Jaguars
Adam Gotsis,Jacksonville Jaguars
Erick Hallett II,Jacksonville Jaguars
DaVon Hamilton,Jacksonville Jaguars
Blake Hance,Jacksonville Jaguars
Jacob Harris,Jacksonville Jaguars
Anton Harrison,Jacksonville Jaguars
Cooper Hodges,Jacksonville Jaguars
Dequan Jackson,Jacksonville Jaguars
Antonio Johnson,Jacksonville Jaguars
Caleb Johnson,Jacksonville Jaguars
D'Ernest Johnson,Jacksonville Jaguars
Zay Jones,Jacksonville Jaguars
Mac Jones,Jacksonville Jaguars
Tim Jones,Jacksonville Jaguars
Gregory Junior,Jacksonville Jaguars
Christian Kirk,Jacksonville Jaguars
Tyler Lacy,Jacksonville Jaguars
Trevor Lawrence,Jacksonville Jaguars
Jeremiah Ledbetter,Jacksonville Jaguars
Walker Little,Jacksonville Jaguars
Devin Lloyd,Jacksonville Jaguars
Ross Matiscik,Jacksonville Jaguars
Ventrell Miller,Jacksonville Jaguars
Henry Mondeaux,Jacksonville Jaguars
Jaylon Moore,Jacksonville Jaguars
Mitch Morse,Jacksonville Jaguars
Chad Muma,Jacksonville Jaguars
Jimmy Murray,Jacksonville Jaguars
Foyesade Oluokun,Jacksonville Jaguars
Amani Oruwariye,Jacksonville Jaguars
Esezi Otomewo,Jacksonville Jaguars
Ayo Oyelola,Jacksonville Jaguars
Riley Patterson,Jacksonville Jaguars
Josh Pederson,Jacksonville Jaguars
E.J. Perry,Jacksonville Jaguars
Roy Robertson-Harris,Jacksonville Jaguars
Cam Robinson,Jacksonville Jaguars
Darnell Savage,Jacksonville Jaguars
Brandon Scherff,Jacksonville Jaguars
Brenton Strange,Jacksonville Jaguars
Keaton Sutherland,Jacksonville Jaguars
Daniel Thomas,Jacksonville Jaguars
Cole Van Lanen,Jacksonville Jaguars
Travon Walker,Jacksonville Jaguars
Parker Washington,Jacksonville Jaguars
Darryl Williams,Jacksonville Jaguars
Seth Williams,Jacksonville Jaguars
Andrew Wingard,Jacksonville Jaguars
Denico Autry,Tennessee Titans
Tre Avery,Tennessee Titans
Chidobe Awuzie,Tennessee Titans
Ross Blacklock,Tennessee Titans
Quinton Bohanna,Tennessee Titans
Mike Brown,Tennessee Titans
Shakel Brown,Tennessee Titans
Daniel Brunskill,Tennessee Titans
Treylon Burks,Tennessee Titans
Chance Campbell,Tennessee Titans
Shyheim Carter,Tennessee Titans
Saahdiq Charles,Tennessee Titans
Julius Chestnut,Tennessee Titans
Keondre Coburn,Tennessee Titans
Morgan Cox,Tennessee Titans
Lloyd Cushenberry,Tennessee Titans
Marlon Davidson,Tennessee Titans
JoJo Domann,Tennessee Titans
Colton Dowell,Tennessee Titans
Jaelyn Duncan,Tennessee Titans
Terrell Edmunds,Tennessee Titans
Caleb Farley,Tennessee Titans
Nick Folk,Tennessee Titans
Kristian Fulton,Tennessee Titans
Eric Garror,Tennessee Titans
Jack Gibbens,Tennessee Titans
Luke Gifford,Tennessee Titans
Trevis Gipson,Tennessee Titans
Tay Gowan,Tennessee Titans
Tre'Shaun Harrison,Tennessee Titans
Hassan Haskins,Tennessee Titans
Amani Hooker,Tennessee Titans
DeAndre Hopkins,Tennessee Titans
Chris Hubbard,Tennessee Titans
Kearis Jackson,Tennessee Titans
Matthew Jackson,Tennessee Titans
Jaleel Johnson,Tennessee Titans
Joe Jones,Tennessee Titans
Anthony Kendall,Tennessee Titans
Arden Key,Tennessee Titans
Mason Kinsey,Tennessee Titans
Harold Landry III,Tennessee Titans
Corey Levin,Tennessee Titans
Will Levis,Tennessee Titans
Roger McCreary,Tennessee Titans
TK McLendon Jr.,Tennessee Titans
Elijah Molden,Tennessee Titans
Chris Moore,Tennessee Titans
Caleb Murphy,Tennessee Titans
Kenneth Murray,Tennessee Titans
Thomas Odukoya,Tennessee Titans
John Ojukwu,Tennessee Titans
Chigoziem Okonkwo,Tennessee Titans
Kyle Peko,Tennessee Titans
Nicholas Petit-Frere,Tennessee Titans
Kyle Philips,Tennessee Titans
Tony Pollard,Tennessee Titans
Kevin Rader,Tennessee Titans
Dillon Radunz,Tennessee Titans
Otis Reese IV,Tennessee Titans
Calvin Ridley,Tennessee Titans
Mason Rudolph,Tennessee Titans
Andrew Rupcich,Tennessee Titans
Thomas Rush,Tennessee Titans
Jeffery Simmons,Tennessee Titans
Lachavious Simmons,Tennessee Titans
Peter Skoronski,Tennessee Titans
Tyjae Spears,Tennessee Titans
Ryan Stonehouse,Tennessee Titans
Ryan Tannehill,Tennessee Titans
Calvin Throckmorton,Tennessee Titans
K'Von Wallace,Tennessee Titans
Garret Wallow,Tennessee Titans
Jonathan Ward,Tennessee Titans
Rashad Weaver,Tennessee Titans
Trevon Wesco,Tennessee Titans
Nick Westbrook-Ikhine,Tennessee Titans
Josh Whyle,Tennessee Titans
Malik Willis,Tennessee Titans
Ty Zentner,Tennessee Titans
Nate Adkins,Denver Broncos
Zach Allen,Denver Broncos
Tyler Badie,Denver Broncos
Quinn Bailey,Denver Broncos
Michael Bandy,Denver Broncos
Garett Bolles,Denver Broncos
Nik Bonitto,Denver Broncos
Baron Browning,Denver Broncos
Michael Burton,Denver Broncos
Jonathon Cooper,Denver Broncos
Ben DiNucci,Denver Broncos
Riley Dixon,Denver Broncos
Phillip Dorsett,Denver Broncos
Greg Dulcich,Denver Broncos
Alex Forsyth,Denver Broncos
Mitchell Fraboni,Denver Broncos
Elijah Garcia,Denver Broncos
Art Green,Denver Broncos
Jonas Griffith,Denver Broncos
Matt Henningsen,Denver Broncos
Lil'Jordan Humphrey,Denver Broncos
Thomas Incoom,Denver Broncos
Jordan Jackson,Denver Broncos
Demontrey Jacobs,Denver Broncos
Brandon Johnson,Denver Broncos
Brandon Jones,Denver Broncos
D.J. Jones,Denver Broncos
Devon Key,Denver Broncos
Lucas Krull,Denver Broncos
Rashard Lawrence,Denver Broncos
P.J. Locke,Denver Broncos
Wil Lutz,Denver Broncos
Damarri Mathis,Denver Broncos
Tanner McCalister,Denver Broncos
Mike McGlinchey,Denver Broncos
Jaleel McLaughlin,Denver Broncos
Ja'Quan McMillian,Denver Broncos
Quinn Meinerz,Denver Broncos
Marvin Mims Jr.,Denver Broncos
Riley Moss,Denver Broncos
Durell Nchami,Denver Broncos
Alex Palczewski,Denver Broncos
Tim Patrick,Denver Broncos
Samaje Perine,Denver Broncos
Ronnie Perkins,Denver Broncos
Ben Powers,Denver Broncos
Malcolm Roach,Denver Broncos
Drew Sanders,Denver Broncos
Will Sherman,Denver Broncos
David Sills,Denver Broncos
Alex Singleton,Denver Broncos
JL Skinner,Denver Broncos
Keidron Smith,Denver Broncos
Tremon Smith,Denver Broncos
Caden Sterns,Denver Broncos
Jarrett Stidham,Denver Broncos
Pat Surtain II,Denver Broncos
Courtland Sutton,Denver Broncos
Reese Taylor,Denver Broncos
Adam Trautman,Denver Broncos
Delarrin Turner-Yell,Denver Broncos
Jalen Virgil,Denver Broncos
Luke Wattenberg,Denver Broncos
Javonte Williams,Denver Broncos
Felix Anudike-Uzomah,Kansas City Chiefs
Matt Araiza,Kansas City Chiefs
Nick Bolton,Kansas City Chiefs
Ian Book,Kansas City Chiefs
Ekow Boye-Doe,Kansas City Chiefs
Isaiah Buggs,Kansas City Chiefs
Deon Bush,Kansas City Chiefs
Matt Bushman,Kansas City Chiefs
Harrison Butker,Kansas City Chiefs
Mike Caliendo,Kansas City Chiefs
Leo Chenal,Kansas City Chiefs
Cole Christiansen,Kansas City Chiefs
Jack Cochrane,Kansas City Chiefs
Chamarri Conner,Kansas City Chiefs
Bryan Cook,Kansas City Chiefs
Jacob Copeland,Kansas City Chiefs
Trey Dean,Kansas City Chiefs
Matt Dickerson,Kansas City Chiefs
Neil Farrell,Kansas City Chiefs
Izaiah Gathings,Kansas City Chiefs
Tyree Gillespie,Kansas City Chiefs
Chukwuebuka Godrick,Kansas City Chiefs
Noah Gray,Kansas City Chiefs
Hassan Hall,Kansas City Chiefs
Malik Herring,Kansas City Chiefs
Creed Humphrey,Kansas City Chiefs
Keaontay Ingram,Kansas City Chiefs
Nazeeh Johnson,Kansas City Chiefs
Cam Jones,Kansas City Chiefs
Chris Jones,Kansas City Chiefs
Nic Jones,Kansas City Chiefs
Truman Jones,Kansas City Chiefs
Kelvin Joseph,Kansas City Chiefs
George Karlaftis,Kansas City Chiefs
Travis Kelce,Kansas City Chiefs
Darian Kinnard,Kansas City Chiefs
Patrick Mahomes ,Kansas City Chiefs
Trent McDuffie,Kansas City Chiefs
Anthony Miller,Kansas City Chiefs
Skyy Moore,Kansas City Chiefs
Wanya Morris,Kansas City Chiefs
Lucas Niang,Kansas City Chiefs
Chris Oladokun,Kansas City Chiefs
Charles Omenihu,Kansas City Chiefs
Isiah Pacheco,Kansas City Chiefs
Mike Pennel,Kansas City Chiefs
La'Mical Perine,Kansas City Chiefs
Cornell Powell,Kansas City Chiefs
Deneric Prince,Kansas City Chiefs
Gerrit Prince,Kansas City Chiefs
Justin Reid,Kansas City Chiefs
Austin Reiter,Kansas City Chiefs
Rashee Rice,Kansas City Chiefs
Justyn Ross,Kansas City Chiefs
Trey Smith,Kansas City Chiefs
Irv Smith,Kansas City Chiefs
Jordan Smith,Kansas City Chiefs
Shi Smith,Kansas City Chiefs
L'Jarius Sneed,Kansas City Chiefs
Jawaan Taylor,Kansas City Chiefs
Keith Taylor,Kansas City Chiefs
BJ Thompson,Kansas City Chiefs
Joe Thuney,Kansas City Chiefs
Kadarius Toney,Kansas City Chiefs
Drue Tranquill,Kansas City Chiefs
Montrell Washington,Kansas City Chiefs
Jaylen Watson,Kansas City Chiefs
Justin Watson,Kansas City Chiefs
Joshua Williams,Kansas City Chiefs
James Winchester,Kansas City Chiefs
Ameer Abdullah,Las Vegas Raiders
Davante Adams,Las Vegas Raiders
David Agoha,Las Vegas Raiders
Cornell Armstrong,Las Vegas Raiders
Jakorian Bennett,Las Vegas Raiders
Jacob Bobenmoyer,Las Vegas Raiders
Anthony Brown Jr.,Las Vegas Raiders
Brittain Brown,Las Vegas Raiders
Ben Brown,Las Vegas Raiders
Harrison Bryant,Las Vegas Raiders
Amari Burney,Las Vegas Raiders
Darien Butler,Las Vegas Raiders
Matthew Butler,Las Vegas Raiders
Daniel Carlson,Las Vegas Raiders
AJ Cole,Las Vegas Raiders
Maxx Crosby,Las Vegas Raiders
Divine Deablo,Las Vegas Raiders
Marcus Epps,Las Vegas Raiders
Brandon Facyson,Las Vegas Raiders
DJ Fluker,Las Vegas Raiders
Cole Fotheringham,Las Vegas Raiders
Zach Gentry,Las Vegas Raiders
Jaydon Grant,Las Vegas Raiders
Nate Hobbs,Las Vegas Raiders
Andre James,Las Vegas Raiders
Jack Jones,Las Vegas Raiders
Tyreque Jones,Las Vegas Raiders
Malcolm Koonce,Las Vegas Raiders
Luke Masterson,Las Vegas Raiders
Kana'i Mauga,Las Vegas Raiders
Michael Mayer,Las Vegas Raiders
Tyreik McAllister,Las Vegas Raiders
Marquan McCall,Las Vegas Raiders
Sincere McCormick,Las Vegas Raiders
Jalen McKenzie,Las Vegas Raiders
Jakobi Meyers,Las Vegas Raiders
Kolton Miller,Las Vegas Raiders
Gardner Minshew II,Las Vegas Raiders
Tre’von Moehrig,Las Vegas Raiders
Thayer Munford Jr.,Las Vegas Raiders
Aidan O'Connell,Las Vegas Raiders
Dylan Parham,Las Vegas Raiders
Janarius Robinson,Las Vegas Raiders
John Samuel Shenker,Las Vegas Raiders
Nesta Jade Silvera,Las Vegas Raiders
Chris Smith II,Las Vegas Raiders
Elerson Smith,Las Vegas Raiders
Charles Snowden,Las Vegas Raiders
Robert Spillane,Las Vegas Raiders
Tre Tucker,Las Vegas Raiders
DJ Turner,Las Vegas Raiders
Dalton Wagner,Las Vegas Raiders
Sam Webb,Las Vegas Raiders
Zamir White,Las Vegas Raiders
Kristian Wilkerson,Las Vegas Raiders
Christian Wilkins,Las Vegas Raiders
Tyree Wilson,Las Vegas Raiders
Byron Young,Las Vegas Raiders
Joey Bosa,Los Angeles Chargers
Derius Davis,Los Angeles Chargers
Cameron Dicker,Los Angeles Chargers
Will Dissly,Los Angeles Chargers
Andrew Farmer II,Los Angeles Chargers
AJ Finley,Los Angeles Chargers
Morgan Fox,Los Angeles Chargers
Alohi Gilman,Los Angeles Chargers
Josh Harris,Los Angeles Chargers
Daiyan Henley,Los Angeles Chargers
Justin Herbert,Los Angeles Chargers
Brenden Jaimes,Los Angeles Chargers
Derwin James Jr.,Los Angeles Chargers
Zion Johnson,Los Angeles Chargers
Quentin Johnston,Los Angeles Chargers
Deane Leonard,Los Angeles Chargers
Corey Linsley,Los Angeles Chargers
Khalil Mack,Los Angeles Chargers
Scott Matlock,Los Angeles Chargers
Jordan McFadden,Los Angeles Chargers
Nick Niemann,Los Angeles Chargers
Otito Ogbonnia,Los Angeles Chargers
Joshua Palmer,Los Angeles Chargers
Donald Parham Jr.,Los Angeles Chargers
Trey Pipkins III,Los Angeles Chargers
Chris Rumph II,Los Angeles Chargers
Jamaree Salyer,Los Angeles Chargers
Asante Samuel Jr.,Los Angeles Chargers
Foster Sarell,Los Angeles Chargers
JK Scott,Los Angeles Chargers
Rashawn Slater,Los Angeles Chargers
Stone Smartt,Los Angeles Chargers
Isaiah Spiller,Los Angeles Chargers
Ja'Sir Taylor,Los Angeles Chargers
Tuli Tuipulotu,Los Angeles Chargers
JT Woods,Los Angeles Chargers
Tyson Bagent,Chicago Bears
Andrew Billings,Chicago Bears
Khari Blasingame,Chicago Bears
Larry Borom,Chicago Bears
Jaquan Brisker,Chicago Bears
Kevin Byard,Chicago Bears
Ja'Tyre Carter,Chicago Bears
Nate Davis,Chicago Bears
Gervon Dexter Sr.,Chicago Bears
Tremaine Edmunds,Chicago Bears
T.J. Edwards,Chicago Bears
Gerald Everett,Chicago Bears
Justin Fields,Chicago Bears
Trenton Gill,Chicago Bears
Kyler Gordon,Chicago Bears
Khalil Herbert,Chicago Bears
Elijah Hicks,Chicago Bears
Travis Homer,Chicago Bears
Teven Jenkins,Chicago Bears
Collin Johnson,Chicago Bears
Jaylon Johnson,Chicago Bears
Quindell Johnson,Chicago Bears
Roschon Johnson,Chicago Bears
Braxton Jones,Chicago Bears
Jaylon Jones,Chicago Bears
Velus Jones Jr.,Chicago Bears
Cole Kmet,Chicago Bears
DJ Moore,Chicago Bears
Tarvarius Moore,Chicago Bears
Amen Ogbongbemiga,Chicago Bears
Dante Pettis,Chicago Bears
Zacch Pickens,Chicago Bears
Matt Pryor,Chicago Bears
Dominique Robinson,Chicago Bears
Jack Sanborn,Chicago Bears
Cairo Santos,Chicago Bears
Patrick Scales,Chicago Bears
Tyler Scott,Chicago Bears
Noah Sewell,Chicago Bears
Coleman Shelton,Chicago Bears
Terell Smith,Chicago Bears
Tyrique Stevenson,Chicago Bears
Greg Stroman Jr.,Chicago Bears
Montez Sweat,Chicago Bears
D'Andre Swift,Chicago Bears
DeMarcus Walker,Chicago Bears
Darnell Wright,Chicago Bears
Mitchell Agude,Detroit Lions
Maurice Alexander,Detroit Lions
Alex Anzalone,Detroit Lions
Michael Badgley,Detroit Lions
Derrick Barnes,Detroit Lions
Mathieu Betts,Detroit Lions
Brian Branch,Detroit Lions
Jack Campbell,Detroit Lions
John Cominsky,Detroit Lions
Scott Daly,Detroit Lions
Marcus Davenport,Detroit Lions
Carlton Davis,Detroit Lions
Taylor Decker,Detroit Lions
Khalil Dorsey,Detroit Lions
Matt Farniok,Detroit Lions
Daurice Fountain,Detroit Lions
Jack Fox,Detroit Lions
Jake Funk,Detroit Lions
Connor Galvin,Detroit Lions
Jahmyr Gibbs,Detroit Lions
Steven Gilmore,Detroit Lions
Graham Glasgow,Detroit Lions
Jared Goff,Detroit Lions
Antoine Green,Detroit Lions
Hendon Hooker,Detroit Lions
Aidan Hutchinson,Detroit Lions
Craig James,Detroit Lions
Jermar Jefferson,Detroit Lions
Brandon Joseph,Detroit Lions
Kerby Joseph,Detroit Lions
Tom Kennedy,Detroit Lions
Zonovan Knight,Detroit Lions
Sam LaPorta,Detroit Lions
Brodric Martin,Detroit Lions
Alim McNeill,Detroit Lions
Ifeatu Melifonwu,Detroit Lions
James Mitchell,Detroit Lions
David Montgomery,Detroit Lions
Emmanuel Moseley,Detroit Lions
Netane Muti,Detroit Lions
Michael Niese,Detroit Lions
Levi Onwuzurike,Detroit Lions
Josh Paschal,Detroit Lions
Frank Ragnow,Detroit Lions
Kalif Raymond,Detroit Lions
DJ Reader,Detroit Lions
Jalen Reeves-Maybin,Detroit Lions
Amik Robertson,Detroit Lions
Malcolm Rodriguez,Detroit Lions
Penei Sewell,Detroit Lions
Dan Skipper,Detroit Lions
Chris Smith,Detroit Lions
Tre'Quan Smith,Detroit Lions
Colby Sorsdal,Detroit Lions
Amon-Ra St. Brown,Detroit Lions
Cameron Sutton,Detroit Lions
Jameson Williams,Detroit Lions
Shane Zylstra,Detroit Lions
Jaire Alexander,Green Bay Packers
Deslin Alexandre,Green Bay Packers
Zayne Anderson,Green Bay Packers
Corey Ballentine,Green Bay Packers
Keshawn Banks,Green Bay Packers
Karl Brooks,Green Bay Packers
Anders Carlson,Green Bay Packers
Kenny Clark,Green Bay Packers
Sean Clifford,Green Bay Packers
Brenton Cox Jr.,Green Bay Packers
Tyler Coyle,Green Bay Packers
Tyler Davis,Green Bay Packers
AJ Dillon,Green Bay Packers
Romeo Doubs,Green Bay Packers
Grant DuBose,Green Bay Packers
Kingsley Enagbare,Green Bay Packers
Jonathan Ford,Green Bay Packers
Rashan Gary,Green Bay Packers
Zyon Gilbert,Green Bay Packers
Malik Heath,Green Bay Packers
Josh Jacobs,Green Bay Packers
Elgton Jenkins,Green Bay Packers
Anthony Johnson,Green Bay Packers
Anthony Johnson Jr.,Green Bay Packers
Deandre Johnson,Green Bay Packers
Caleb Jones,Green Bay Packers
Tucker Kraft,Green Bay Packers
Jordan Love,Green Bay Packers
Isaiah McDuffie,Green Bay Packers
Alex McGough,Green Bay Packers
Xavier McKinney,Green Bay Packers
Bo Melton,Green Bay Packers
Ellis Merriweather,Green Bay Packers
Arron Mosby,Green Bay Packers
Luke Musgrave,Green Bay Packers
Josh Myers,Green Bay Packers
Royce Newman,Green Bay Packers
Keisean Nixon,Green Bay Packers
Kenneth Odumegwu,Green Bay Packers
Matt Orzech,Green Bay Packers
Henry Pearson,Green Bay Packers
Thyrick Pitts,Green Bay Packers
Jack Podlesny,Green Bay Packers
Jayden Reed,Green Bay Packers
Sean Rhyan,Green Bay Packers
Benny Sapp III,Green Bay Packers
Ben Sims,Green Bay Packers
T.J. Slaton,Green Bay Packers
Preston Smith,Green Bay Packers
Eric Stokes,Green Bay Packers
Kadeem Telfort,Green Bay Packers
Luke Tenuta,Green Bay Packers
Zach Tom,Green Bay Packers
Samori Toure,Green Bay Packers
Carrington Valentine,Green Bay Packers
Lukas Van Ness,Green Bay Packers
Quay Walker,Green Bay Packers
Rasheed Walker,Green Bay Packers
Christian Watson,Green Bay Packers
Kristian Welch,Green Bay Packers
Dontayvion Wicks,Green Bay Packers
Joel Wilson,Green Bay Packers
Colby Wooden,Green Bay Packers
Devonte Wyatt,Green Bay Packers
Christian Young,Green Bay Packers
Jordan Addison,Minnesota Vikings
Brian Asamoah II,Minnesota Vikings
Daylen Baldwin,Minnesota Vikings
Abraham Beauplan,Minnesota Vikings
Mekhi Blackmon,Minnesota Vikings
Andrew Booth Jr.,Minnesota Vikings
Garrett Bradbury,Minnesota Vikings
Blake Brandel,Minnesota Vikings
Jonathan Bullard,Minnesota Vikings
Camryn Bynum,Minnesota Vikings
Henry Byrd,Minnesota Vikings
Andre Carter II,Minnesota Vikings
Blake Cashman,Minnesota Vikings
Ty Chandler,Minnesota Vikings
Lewis Cine,Minnesota Vikings
Coy Cronk,Minnesota Vikings
Sam Darnold,Minnesota Vikings
Christian Darrisaw,Minnesota Vikings
Andrew DePaola,Minnesota Vikings
Akayleb Evans,Minnesota Vikings
Dan Feeney,Minnesota Vikings
Myles Gaskin,Minnesota Vikings
A.J. Green III,Minnesota Vikings
Jonathan Greenard,Minnesota Vikings
Jaren Hall,Minnesota Vikings
C.J. Ham,Minnesota Vikings
N'Keal Harry,Minnesota Vikings
T.J. Hockenson,Minnesota Vikings
Ed Ingram,Minnesota Vikings
Lucky Jackson,Minnesota Vikings
Theo Jackson,Minnesota Vikings
Trishton Jackson,Minnesota Vikings
Justin Jefferson,Minnesota Vikings
Aaron Jones,Minnesota Vikings
Pat Jones II,Minnesota Vikings
Malik Knowles,Minnesota Vikings
DeWayne McBride,Minnesota Vikings
Josh Metellus,Minnesota Vikings
Nick Mullens,Minnesota Vikings
Johnny Mundt,Minnesota Vikings
Byron Murphy Jr.,Minnesota Vikings
Nick Muse,Minnesota Vikings
Jalen Nailor,Minnesota Vikings
Kene Nwangwu,Minnesota Vikings
Brian O'Neill,Minnesota Vikings
Josh Oliver,Minnesota Vikings
Ivan Pace Jr.,Minnesota Vikings
Harrison Phillips,Minnesota Vikings
Brandon Powell,Minnesota Vikings
David Quessenberry,Minnesota Vikings
Tyrese Robinson,Minnesota Vikings
John Parker Romo,Minnesota Vikings
Jaquelin Roy,Minnesota Vikings
Trent Sherfield,Minnesota Vikings
Harrison Smith,Minnesota Vikings
Thayer Thomas,Minnesota Vikings
NaJee Thompson,Minnesota Vikings
Jerry Tillery,Minnesota Vikings
Andrew Van Ginkel,Minnesota Vikings
Jay Ward,Minnesota Vikings
Jaylin Williams,Minnesota Vikings
Joejuan Williams,Minnesota Vikings
Ryan Wright,Minnesota Vikings
Bryan Anger,Dallas Cowboys
Brandon Aubrey,Dallas Cowboys
Josh Ball,Dallas Cowboys
T.J. Bass,Dallas Cowboys
Markquese Bell,Dallas Cowboys
DaRon Bland,Dallas Cowboys
Earl Bostick Jr.,Dallas Cowboys
Jalen Brooks,Dallas Cowboys
Martavis Bryant,Dallas Cowboys
Josh Butler,Dallas Cowboys
Damone Clark,Dallas Cowboys
Snoop Conner,Dallas Cowboys
Brandin Cooks,Dallas Cowboys
Carl Davis,Dallas Cowboys
Malik Davis,Dallas Cowboys
Trevon Diggs,Dallas Cowboys
David Durden,Dallas Cowboys
Princeton Fant,Dallas Cowboys
Viliami Fehoko Jr.,Dallas Cowboys
Jake Ferguson,Dallas Cowboys
Chauncey Golston,Dallas Cowboys
Peyton Hendershot,Dallas Cowboys
Brock Hoffman,Dallas Cowboys
Malik Hooker,Dallas Cowboys
Buddy Johnson,Dallas Cowboys
Durrell Johnson,Dallas Cowboys
Eric Kendricks,Dallas Cowboys
CeeDee Lamb,Dallas Cowboys
Trey Lance,Dallas Cowboys
DeMarcus Lawrence,Dallas Cowboys
Hunter Luepke,Dallas Cowboys
Zack Martin,Dallas Cowboys
Racey McMath,Dallas Cowboys
Jalen Cropper,Dallas Cowboys
Israel Mukuamu,Dallas Cowboys
Osa Odighizuwa,Dallas Cowboys
DeMarvion Overshown,Dallas Cowboys
Micah Parsons,Dallas Cowboys
Dak Prescott,Dallas Cowboys
Sheldrick Redwine,Dallas Cowboys
Asim Richards,Dallas Cowboys
Cooper Rush,Dallas Cowboys
Luke Schoonmaker,Dallas Cowboys
Eric Scott Jr.,Dallas Cowboys
Dakoda Shepley,Dallas Cowboys
Mazi Smith,Dallas Cowboys
Tyler Smith,Dallas Cowboys
Terence Steele,Dallas Cowboys
John Stephens Jr.,Dallas Cowboys
Juanyeh Thomas,Dallas Cowboys
Jalen Tolbert,Dallas Cowboys
KaVontae Turpin,Dallas Cowboys
Deuce Vaughn,Dallas Cowboys
Matt Waletzko,Dallas Cowboys
Tyrus Wheat,Dallas Cowboys
Sam Williams,Dallas Cowboys
Donovan Wilson,Dallas Cowboys
Nahshon Wright,Dallas Cowboys
Deonte Banks,New York Giants
Boogie Basham,New York Giants
Darrian Beavers,New York Giants
Daniel Bellinger,New York Giants
Dane Belton,New York Giants
Gary Brightwell,New York Giants
Brian Burns,New York Giants
Jashaun Corbin,New York Giants
Carter Coughlin,New York Giants
D.J. Davidson,New York Giants
Tommy DeVito,New York Giants
Jermaine Eluemunor,New York Giants
Joshua Ezeudu,New York Giants
Cor'Dale Flott,New York Giants
Bryce Ford-Wheaton,New York Giants
Graham Gano,New York Giants
Jamie Gillan,New York Giants
Eric Gray,New York Giants
Tre Hawkins III,New York Giants
Timmy Horne,New York Giants
Jalin Hyatt,New York Giants
Tyree Jackson,New York Giants
Daniel Jones,New York Giants
Casey Kreiter,New York Giants
Dexter Lawrence II,New York Giants
Drew Lock,New York Giants
Micah McFadden,New York Giants
Isaiah McKenzie,New York Giants
Marcus McKethan,New York Giants
Jalen Mills,New York Giants
Evan Neal,New York Giants
Rakeem Nuñez-Roches,New York Giants
Azeez Ojulari,New York Giants
Bobby Okereke,New York Giants
Gunner Olszewski,New York Giants
Gervarrius Owens,New York Giants
Jason Pinnock,New York Giants
Jordon Riley,New York Giants
Aaron Robinson,New York Giants
Wan'Dale Robinson,New York Giants
Jon Runyan,New York Giants
John Michael Schmitz Jr.,New York Giants
Devin Singletary,New York Giants
Darius Slayton,New York Giants
Jack Stoll,New York Giants
Kayvon Thibodeaux,New York Giants
Andrew Thomas,New York Giants
Darren Waller,New York Giants
Benton Whitley,New York Giants
Saquon Barkley,Philadelphia Eagles
Zack Baun,Philadelphia Eagles
Reed Blankenship,Philadelphia Eagles
Thomas Booker IV,Philadelphia Eagles
James Bradberry IV,Philadelphia Eagles
A.J. Brown,Philadelphia Eagles
Sydney Brown,Philadelphia Eagles
Grant Calcaterra,Philadelphia Eagles
Jalen Carter,Philadelphia Eagles
Le'Raven Clark,Philadelphia Eagles
Britain Covey,Philadelphia Eagles
Fletcher Cox,Philadelphia Eagles
Jordan Davis,Philadelphia Eagles
Shaquan Davis,Philadelphia Eagles
Tyrion Davis-Price,Philadelphia Eagles
Nakobe Dean,Philadelphia Eagles
Landon Dickerson,Philadelphia Eagles
Jake Elliott,Philadelphia Eagles
Noah Elliss,Philadelphia Eagles
Kenneth Gainwell,Philadelphia Eagles
C.J. Gardner-Johnson,Philadelphia Eagles
Mekhi Garner,Philadelphia Eagles
Dallas Goedert,Philadelphia Eagles
Mario Goodrich,Philadelphia Eagles
Brandon Graham,Philadelphia Eagles
Jacob Harris,Philadelphia Eagles
Griffin Hebert,Philadelphia Eagles
Matt Hennessy,Philadelphia Eagles
Bryce Huff,Philadelphia Eagles
Jalen Hurts,Philadelphia Eagles
Tarron Jackson,Philadelphia Eagles
Josh Jobe,Philadelphia Eagles
Lane Johnson,Philadelphia Eagles
Fred Johnson,Philadelphia Eagles
Patrick Johnson,Philadelphia Eagles
Cam Jurgens,Philadelphia Eagles
Jason Kelce,Philadelphia Eagles
Darian Kinnard,Philadelphia Eagles
Terrell Lewis,Philadelphia Eagles
Rick Lovato,Philadelphia Eagles
Jordan Mailata,Philadelphia Eagles
Braden Mann,Philadelphia Eagles
Tristin McCollum,Philadelphia Eagles
Tanner McKee,Philadelphia Eagles
Zech McPhearson,Philadelphia Eagles
Tiawan Mullen,Philadelphia Eagles
Joseph Ngata,Philadelphia Eagles
Lew Nichols,Philadelphia Eagles
Moro Ojomo,Philadelphia Eagles
Julian Okwara,Philadelphia Eagles
Albert Okwuegbunam Jr.,Philadelphia Eagles
Jason Poe,Philadelphia Eagles
Haason Reddick,Philadelphia Eagles
Eli Ricks,Philadelphia Eagles
Kelee Ringo,Philadelphia Eagles
Darius Slay Jr.,Philadelphia Eagles
Brandon Smith,Philadelphia Eagles
DeVonta Smith,Philadelphia Eagles
Lecitus Smith,Philadelphia Eagles
Nolan Smith Jr.,Philadelphia Eagles
Tyler Steen,Philadelphia Eagles
Josh Sweat,Philadelphia Eagles
Noah Togiai,Philadelphia Eagles
Brett Toth,Philadelphia Eagles
Marlon Tuipulotu,Philadelphia Eagles
Ben VanSumeren,Philadelphia Eagles
Austin Watkins Jr.,Philadelphia Eagles
Milton Williams,Philadelphia Eagles
Tucker Addington,Washington Commanders
Alex Akingbulu,Washington Commanders
Jonathan Allen,Washington Commanders
Kazmeir Allen,Washington Commanders
John Bates,Washington Commanders
Mason Brooks,Washington Commanders
Dyami Brown,Washington Commanders
Sam Cosmi,Washington Commanders
Jamison Crowder,Washington Commanders
Jahan Dotson,Washington Commanders
Zach Ertz,Washington Commanders
Emmanuel Forbes Jr.,Washington Commanders
Jake Fromm,Washington Commanders
Julian Good-Jones,Washington Commanders
Jalen Harris,Washington Commanders
KJ Henry,Washington Commanders
Andre Jones Jr.,Washington Commanders
Kyu Blu Kelly,Washington Commanders
Quan Martin,Washington Commanders
Phidarian Mathis,Washington Commanders
Terry McLaurin,Washington Commanders
Chris Paul,Washington Commanders
Daron Payne,Washington Commanders
Benning Potoa'e,Washington Commanders
Joshua Pryor,Washington Commanders
John Ridgeway III,Washington Commanders
Brian Robinson Jr.,Washington Commanders
Trent Scott,Washington Commanders
Benjamin St-Juste,Washington Commanders
Mitchell Tinsley,Washington Commanders
Cole Turner,Washington Commanders
Tress Way,Washington Commanders
Andrew Wylie,Washington Commanders
Micah Abernathy,Atlanta Falcons
Dee Alford,Atlanta Falcons
Tyler Allgeier,Atlanta Falcons
Jessie Bates III,Atlanta Falcons
Matthew Bergeron,Atlanta Falcons
Lorenzo Carter,Atlanta Falcons
Kirk Cousins,Atlanta Falcons
Drew Dalman,Atlanta Falcons
Arnold Ebiketie,Atlanta Falcons
Kaden Elliss,Atlanta Falcons
Tucker Fisk,Atlanta Falcons
John FitzPatrick,Atlanta Falcons
Ta'Quon Graham,Atlanta Falcons
Richie Grant,Atlanta Falcons
Jovaughn Gwyn,Atlanta Falcons
Zach Harrison,Atlanta Falcons
Taylor Heinicke,Atlanta Falcons
DeMarcco Hellams,Atlanta Falcons
Kyle Hinton,Atlanta Falcons
KhaDarel Hodge,Atlanta Falcons
Mike Hughes,Atlanta Falcons
Younghoe Koo,Atlanta Falcons
Nate Landman,Atlanta Falcons
Chris Lindstrom,Atlanta Falcons
Drake London,Atlanta Falcons
LaCale London,Atlanta Falcons
DeAngelo Malone,Atlanta Falcons
Jake Matthews,Atlanta Falcons
Liam McCullough,Atlanta Falcons
Kaleb McGary,Atlanta Falcons
Darnell Mooney,Atlanta Falcons
Rondale Moore,Atlanta Falcons
Ryan Neuzil,Atlanta Falcons
Storm Norton,Atlanta Falcons
David Onyemata,Atlanta Falcons
Clark Phillips III,Atlanta Falcons
Bradley Pinion,Atlanta Falcons
Kyle Pitts,Atlanta Falcons
Bijan Robinson,Atlanta Falcons
A.J. Terrell,Atlanta Falcons
Tommy Togiai,Atlanta Falcons
Charlie Woerner,Atlanta Falcons
Amaré Barno,Carolina Panthers
Raheem Blackshear,Carolina Panthers
Mike Boone,Carolina Panthers
Dicaprio Bootle,Carolina Panthers
Derrick Brown,Carolina Panthers
Spencer Brown,Carolina Panthers
Jalen Camp,Carolina Panthers
Claudin Cherelus,Carolina Panthers
Brady Christensen,Carolina Panthers
Tarik Cohen,Carolina Panthers
Alex Cook,Carolina Panthers
Austin Corbett,Carolina Panthers
Andy Dalton,Carolina Panthers
J.D. DiRenzo,Carolina Panthers
Ikem Ekwonu,Carolina Panthers
Johnny Hekker,Carolina Panthers
Troy Hill,Carolina Panthers
Jaycee Horn,Carolina Panthers
Chuba Hubbard,Carolina Panthers
Robert Hunt,Carolina Panthers
Dane Jackson,Carolina Panthers
Lamar Jackson,Carolina Panthers
D'Shawn Jamison,Carolina Panthers
JJ Jansen,Carolina Panthers
Nash Jensen,Carolina Panthers
Josey Jewell,Carolina Panthers
Diontae Johnson,Carolina Panthers
DJ Johnson,Carolina Panthers
Ricky Lee,Carolina Panthers
Eku Leota,Carolina Panthers
Damien Lewis,Carolina Panthers
Ilm Manning,Carolina Panthers
Terrace Marshall Jr.,Carolina Panthers
Jordan Matthews,Carolina Panthers
Cade Mays,Carolina Panthers
Jonathan Mingo,Carolina Panthers
Taylor Moton,Carolina Panthers
AJ Parker,Carolina Panthers
Chris Pierce,Carolina Panthers
Eddy Piñeiro,Carolina Panthers
LaBryan Ray,Carolina Panthers
A'Shawn Robinson,Carolina Panthers
Jammie Robinson,Carolina Panthers
Miles Sanders,Carolina Panthers
Cam Sims,Carolina Panthers
Ihmir Smith-Marsette,Carolina Panthers
Mike Strachan,Carolina Panthers
Stephen Sullivan,Carolina Panthers
Adam Thielen,Carolina Panthers
Ian Thomas,Carolina Panthers
Shaq Thompson,Carolina Panthers
Nick Thurman,Carolina Panthers
Badara Traore,Carolina Panthers
Tommy Tremble,Carolina Panthers
Shy Tuttle,Carolina Panthers
Luiji Vilain,Carolina Panthers
Raequan Williams,Carolina Panthers
D.J. Wonnum,Carolina Panthers
Xavier Woods,Carolina Panthers
Chandler Wooten,Carolina Panthers
Bryce Young,Carolina Panthers
Chandler Zavala,Carolina Panthers
Paulson Adebo,New Orleans Saints
Bryan Bresee,New Orleans Saints
Derek Carr,New Orleans Saints
Demario Davis,New Orleans Saints
Mark Evans II,New Orleans Saints
Isaiah Foskey,New Orleans Saints
Willie Gay,New Orleans Saints
Carl Granderson,New Orleans Saints
J.T. Gray,New Orleans Saints
Blake Grupe,New Orleans Saints
Jake Haener,New Orleans Saints
Lou Hedley,New Orleans Saints
Jack Heflin,New Orleans Saints
Faion Hicks,New Orleans Saints
Taysom Hill,New Orleans Saints
Zander Horvath,New Orleans Saints
Jordan Howden,New Orleans Saints
Tommy Hudson,New Orleans Saints
James Hurst,New Orleans Saints
D'Marco Jackson,New Orleans Saints
Michael Jacobson,New Orleans Saints
Juwan Johnson,New Orleans Saints
Cameron Jordan,New Orleans Saints
Alvin Kamara,New Orleans Saints
Tanoh Kpassagnon,New Orleans Saints
Tommy Kraemer,New Orleans Saints
Niko Lalos,New Orleans Saints
Marshon Lattimore,New Orleans Saints
Tyrann Mathieu,New Orleans Saints
Erik McCoy,New Orleans Saints
Kendre Miller,New Orleans Saints
Jordan Mims,New Orleans Saints
Foster Moreau,New Orleans Saints
Stanley Morgan,New Orleans Saints
Chris Olave,New Orleans Saints
Anfernee Orji,New Orleans Saints
John Penisini,New Orleans Saints
Trevor Penning,New Orleans Saints
A.T. Perry,New Orleans Saints
Adam Prentice,New Orleans Saints
Ryan Ramczyk,New Orleans Saints
Monty Rice,New Orleans Saints
James Robinson,New Orleans Saints
Cesar Ruiz,New Orleans Saints
Nick Saldiveri,New Orleans Saints
Khalen Saunders,New Orleans Saints
Nephi Sewell,New Orleans Saints
Rashid Shaheed,New Orleans Saints
Nathan Shepherd,New Orleans Saints
Alontae Taylor,New Orleans Saints
Payton Turner,New Orleans Saints
Pete Werner,New Orleans Saints
Jamaal Williams,New Orleans Saints
Cedrick Wilson Jr.,New Orleans Saints
Zach Wood,New Orleans Saints
Rejzohn Wright,New Orleans Saints
Landon Young,New Orleans Saints
Eric Banks,Tampa Bay Buccaneers
Ben Bredeson,Tampa Bay Buccaneers
C.J. Brewer,Tampa Bay Buccaneers
K.J. Britt,Tampa Bay Buccaneers
Jake Camarda,Tampa Bay Buccaneers
Lavonte David,Tampa Bay Buccaneers
Jamel Dean,Tampa Bay Buccaneers
Evan Deckers,Tampa Bay Buccaneers
SirVocea Dennis,Tampa Bay Buccaneers
Yaya Diaby,Tampa Bay Buccaneers
Payne Durham,Tampa Bay Buccaneers
Silas Dzansi,Tampa Bay Buccaneers
Chase Edmonds,Tampa Bay Buccaneers
Mike Evans,Tampa Bay Buccaneers
Greg Gaines,Tampa Bay Buccaneers
Chris Godwin,Tampa Bay Buccaneers
Luke Goedeke,Tampa Bay Buccaneers
Mike Greene,Tampa Bay Buccaneers
Luke Haggard,Tampa Bay Buccaneers
Robert Hainsey,Tampa Bay Buccaneers
Bryce Hall,Tampa Bay Buccaneers
Logan Hall,Tampa Bay Buccaneers
Josh Hayes,Tampa Bay Buccaneers
Keenan Isaac,Tampa Bay Buccaneers
Christian Izien,Tampa Bay Buccaneers
Rakim Jarrett,Tampa Bay Buccaneers
Ryan Jensen,Tampa Bay Buccaneers
Cephus Johnson III,Tampa Bay Buccaneers
Vi Jones,Tampa Bay Buccaneers
Calijah Kancey,Tampa Bay Buccaneers
Ko Kieft,Tampa Bay Buccaneers
Patrick Laird,Tampa Bay Buccaneers
Richard LeCounte III,Tampa Bay Buccaneers
Cody Mauch,Tampa Bay Buccaneers
Baker Mayfield,Tampa Bay Buccaneers
Zyon McCollum,Tampa Bay Buccaneers
Chase McLaughlin,Tampa Bay Buccaneers
Kaevon Merriweather,Tampa Bay Buccaneers
Ryan Miller,Tampa Bay Buccaneers
Quandre Mosely,Tampa Bay Buccaneers
Anthony Nelson,Tampa Bay Buccaneers
Sua Opeta,Tampa Bay Buccaneers
Cade Otton,Tampa Bay Buccaneers
Trey Palmer,Tampa Bay Buccaneers
Jose Ramirez,Tampa Bay Buccaneers
J.J. Russell,Tampa Bay Buccaneers
Justin Skule,Tampa Bay Buccaneers
Logan Stenberg,Tampa Bay Buccaneers
Tanner Taula,Tampa Bay Buccaneers
Deven Thompkins,Tampa Bay Buccaneers
Kyle Trask,Tampa Bay Buccaneers
Joe Tryon-Shoyinka,Tampa Bay Buccaneers
Sean Tucker,Tampa Bay Buccaneers
Lwal Uguak,Tampa Bay Buccaneers
Vita Vea,Tampa Bay Buccaneers
Brandon Walton,Tampa Bay Buccaneers
Markees Watts,Tampa Bay Buccaneers
Raleigh Webb,Tampa Bay Buccaneers
David Wells,Tampa Bay Buccaneers
Rachaad White,Tampa Bay Buccaneers
Tristan Wirfs,Tampa Bay Buccaneers
John Wolford,Tampa Bay Buccaneers
Daniel Arias,Arizona Cardinals
Andre Baccellia,Arizona Cardinals
Budda Baker,Arizona Cardinals
Krys Barnes,Arizona Cardinals
Jackson Barton,Arizona Cardinals
Kelvin Beachum,Arizona Cardinals
Joey Blount,Arizona Cardinals
Aaron Brewer,Arizona Cardinals
Michael Carter,Arizona Cardinals
Andre Chachere,Arizona Cardinals
Dan Chisena,Arizona Cardinals
Kei'Trel Clark,Arizona Cardinals
L.J. Collier,Arizona Cardinals
Zaven Collins,Arizona Cardinals
Trystan Colon,Arizona Cardinals
James Conner,Arizona Cardinals
Dennis Daley,Arizona Cardinals
DeeJay Dallas,Arizona Cardinals
Kaden Davis,Arizona Cardinals
Emari Demercado,Arizona Cardinals
Victor Dimukeje,Arizona Cardinals
Hjalte Froholdt,Arizona Cardinals
Jon Gaines II,Arizona Cardinals
Dennis Gardeck,Arizona Cardinals
Blake Gillikin,Arizona Cardinals
Darren Hall,Arizona Cardinals
Marquis Hayes,Arizona Cardinals
Matt Hembrough,Arizona Cardinals
Will Hernandez,Arizona Cardinals
Elijah Higgins,Arizona Cardinals
Phil Hoskins,Arizona Cardinals
Keith Ismael,Arizona Cardinals
Paris Johnson Jr.,Arizona Cardinals
Justin Jones,Arizona Cardinals
Naquan Jones,Arizona Cardinals
Tony Jones,Arizona Cardinals
Qwuantrezz Knight,Arizona Cardinals
Roy Lopez,Arizona Cardinals
Jesse Luketa,Arizona Cardinals
Tyreek Maddox-Williams,Arizona Cardinals
Trey McBride,Arizona Cardinals
Verone McKinley III,Arizona Cardinals
Sean Murphy-Bunting,Arizona Cardinals
Kyler Murray,Arizona Cardinals
Bilal Nichols,Arizona Cardinals
Trevor Nowaske,Arizona Cardinals
Carter O'Donnell,Arizona Cardinals
Michael Ojemudia,Arizona Cardinals
BJ Ojulari,Arizona Cardinals
Owen Pappoe,Arizona Cardinals
Zach Pascal,Arizona Cardinals
Austen Pleasants,Arizona Cardinals
Matt Prater,Arizona Cardinals
Bobby Price,Arizona Cardinals
Desmond Ridder,Arizona Cardinals
Bernhard Seikovits,Arizona Cardinals
Jeff Smith,Arizona Cardinals
Tyreke Smith,Arizona Cardinals
Ben Stille,Arizona Cardinals
Dante Stills,Arizona Cardinals
Cameron Thomas,Arizona Cardinals
Starling Thomas V,Arizona Cardinals
Jalen Thompson,Arizona Cardinals
Khyiris Tonga,Arizona Cardinals
Clayton Tune,Arizona Cardinals
Travis Vokolek,Arizona Cardinals
Kyzir White,Arizona Cardinals
Quavian White,Arizona Cardinals
Blake Whiteheart,Arizona Cardinals
Elijah Wilkinson,Arizona Cardinals
Garrett Williams,Arizona Cardinals
Jonah Williams,Arizona Cardinals
Divaad Wilson,Arizona Cardinals
Mack Wilson,Arizona Cardinals
Michael Wilson,Arizona Cardinals
Davis Allen,Los Angeles Rams
Tremayne Anchrum Jr.,Los Angeles Rams
Tutu Atwell,Los Angeles Rams
Steve Avila,Los Angeles Rams
Bobby Brown III,Los Angeles Rams
Kevin Dotson,Los Angeles Rams
Cobie Durant,Los Angeles Rams
Ethan Evans,Los Angeles Rams
Zach Evans,Los Angeles Rams
Royce Freeman,Los Angeles Rams
Jordan Fuller,Los Angeles Rams
Nick Hampton,Los Angeles Rams
Rob Havenstein,Los Angeles Rams
Tyler Higbee,Los Angeles Rams
Michael Hoecht,Los Angeles Rams
Brycen Hopkins,Los Angeles Rams
Jacob Hummel,Los Angeles Rams
Alaric Jackson,Los Angeles Rams
Jonah Jackson,Los Angeles Rams
Desjuan Johnson,Los Angeles Rams
John Johnson III,Los Angeles Rams
Tyler Johnson,Los Angeles Rams
Ernest Jones IV,Los Angeles Rams
Derion Kendrick,Los Angeles Rams
Cooper Kupp,Los Angeles Rams
Quentin Lake,Los Angeles Rams
Brett Maher,Los Angeles Rams
Ochaun Mathis,Los Angeles Rams
Warren McClendon Jr.,Los Angeles Rams
Larrell Murchison,Los Angeles Rams
Puka Nacua,Los Angeles Rams
Joe Noteboom,Los Angeles Rams
Colby Parkinson,Los Angeles Rams
Troy Reeder,Los Angeles Rams
Ronnie Rivers,Los Angeles Rams
Demarcus Robinson,Los Angeles Rams
Christian Rozeboom,Los Angeles Rams
Duke Shelley,Los Angeles Rams
Coleman Shelton,Los Angeles Rams
Ben Skowronek,Los Angeles Rams
Matthew Stafford,Los Angeles Rams
Jason Taylor II,Los Angeles Rams
Keir Thomas,Los Angeles Rams
Carson Tinker,Los Angeles Rams
Tre Tomlinson ,Los Angeles Rams
Austin Trammell,Los Angeles Rams
Kobie Turner,Los Angeles Rams
Carson Wentz,Los Angeles Rams
Darious Williams,Los Angeles Rams
Jonah Williams,Los Angeles Rams
Kyren Williams,Los Angeles Rams
Ahkello Witherspoon,Los Angeles Rams
Russ Yeast,Los Angeles Rams
Byron Young,Los Angeles Rams
Brandon Aiyuk,San Francisco 49ers
Brandon Allen,San Francisco 49ers
Arik Armstead,San Francisco 49ers
Aaron Banks,San Francisco 49ers
Alex Barrett,San Francisco 49ers
Robert Beal Jr.,San Francisco 49ers
Ronnie Bell,San Francisco 49ers
Nick Bosa,San Francisco 49ers
Jake Brendel,San Francisco 49ers
Earnest Brown IV,San Francisco 49ers
Ji'Ayir Brown,San Francisco 49ers
Austin Bryant,San Francisco 49ers
Spencer Burford,San Francisco 49ers
Maliek Collins,San Francisco 49ers
Jordan Elliott,San Francisco 49ers
Demetrius Flannigan-Fowles,San Francisco 49ers
Kevin Givens,San Francisco 49ers
Jalen Graham,San Francisco 49ers
Dre Greenlaw,San Francisco 49ers
Yetur Gross-Matos,San Francisco 49ers
Sebastian Gutierrez,San Francisco 49ers
Kemon Hall,San Francisco 49ers
Javon Hargrave,San Francisco 49ers
Erik Harris,San Francisco 49ers
Tayler Hawkins,San Francisco 49ers
Raymond Johnson III,San Francisco 49ers
Kyle Juszczyk,San Francisco 49ers
George Kittle,San Francisco 49ers
Deommodore Lenoir,San Francisco 49ers
Corey Luciano,San Francisco 49ers
Darrell Luter Jr.,San Francisco 49ers
Tay Martin,San Francisco 49ers
Jordan Mason,San Francisco 49ers
Christian McCaffrey,San Francisco 49ers
T.Y. McGill,San Francisco 49ers
Colton McKivitz,San Francisco 49ers
Elijah Mitchell,San Francisco 49ers
Jake Moody,San Francisco 49ers
Jaylon Moore,San Francisco 49ers
George Odum,San Francisco 49ers
Sam Okuayinonu,San Francisco 49ers
Taybor Pepper,San Francisco 49ers
Brock Purdy,San Francisco 49ers
Curtis Robinson,San Francisco 49ers
Deebo Samuel Sr.,San Francisco 49ers
Ambry Thomas,San Francisco 49ers
Jake Tonges,San Francisco 49ers
Spencer Waege,San Francisco 49ers
Charvarius Ward,San Francisco 49ers
Fred Warner,San Francisco 49ers
Trent Williams,San Francisco 49ers
Brayden Willis,San Francisco 49ers
Dee Winters,San Francisco 49ers
Mitch Wishnowsky,San Francisco 49ers
Samuel Womack III,San Francisco 49ers
Myles Adams,Seattle Seahawks
Levi Bell,Seattle Seahawks
Jake Bobo,Seattle Seahawks
Lance Boykin,Seattle Seahawks
Anthony Bradford,Seattle Seahawks
Jordyn Brooks,Seattle Seahawks
Evan Brown,Seattle Seahawks
Pharaoh Brown,Seattle Seahawks
Tre Brown,Seattle Seahawks
Coby Bryant,Seattle Seahawks
LaTrell Bumphus,Seattle Seahawks
Artie Burns,Seattle Seahawks
Zach Charbonnet,Seattle Seahawks
Charles Cross,Seattle Seahawks
Jake Curhan,Seattle Seahawks
McClendon Curtis,Seattle Seahawks
Michael Dickson,Seattle Seahawks
Tyrel Dodson,Seattle Seahawks
Mario Edwards Jr.,Seattle Seahawks
Dee Eskridge,Seattle Seahawks
George Fant,Seattle Seahawks
Noah Fant,Seattle Seahawks
Stone Forsythe,Seattle Seahawks
Matt Gotel,Seattle Seahawks
Derick Hall,Seattle Seahawks
Nick Harris,Seattle Seahawks
Phil Haynes,Seattle Seahawks
Sam Howell,Seattle Seahawks
Michael Jackson,Seattle Seahawks
Rayshawn Jenkins,Seattle Seahawks
Dre'Mont Jones,Seattle Seahawks
Bryant Koback,Seattle Seahawks
Tyler Lockett,Seattle Seahawks
Julian Love,Seattle Seahawks
Abraham Lucas,Seattle Seahawks
Tyler Mabry,Seattle Seahawks
Boye Mafe,Seattle Seahawks
Kenny McIntosh,Seattle Seahawks
DK Metcalf,Seattle Seahawks
Mike Morris,Seattle Seahawks
Jason Myers,Seattle Seahawks
Uchenna Nwosu,Seattle Seahawks
Patrick O'Connell,Seattle Seahawks
Raiqwon O'Neal,Seattle Seahawks
Ty Okada,Seattle Seahawks
Olu Oluwatimi,Seattle Seahawks
Joshua Onujiogu,Seattle Seahawks
Jason Peters,Seattle Seahawks
Jarran Reed,Seattle Seahawks
Jerrick Reed II,Seattle Seahawks
Jon Rhattigan,Seattle Seahawks
Brady Russell,Seattle Seahawks
Geno Smith,Seattle Seahawks
Jaxon Smith-Njigba,Seattle Seahawks
Chris Stoll,Seattle Seahawks
Jonathan Sutherland,Seattle Seahawks
Darrell Taylor,Seattle Seahawks
Drake Thomas,Seattle Seahawks
Kenneth Walker III,Seattle Seahawks
Andrew Whitaker,Seattle Seahawks
Cody White,Seattle Seahawks
Leonard Williams,Seattle Seahawks
Easop Winston Jr.,Seattle Seahawks
Devon Witherspoon,Seattle Seahawks
Riq Woolen,Seattle Seahawks
Cameron Young,Seattle Seahawks
Dareke Young,Seattle Seahawks