PLAYER,G,GS
A J Cann,136,131
A Q Shipley,137,87
Aaron Banks,53,41
Aaron Brewer,71,0
Aaron Epps,4,1
Aaron Gibson,46,39
Aaron Graham,98,42
Aaron Grant,2,1
Aaron Koch,24,1
Aaron Merz,7,1
Aaron Monteiro,10,2
Aaron Neary,12,8
Aaron Stinnie,54,23
Abe Cohen,14,0
Abe Gibron,131,19
Abraham Lucas,27,25
Adam Bisnowaty,9,3
Adam Davis,0,0
Adam Gettis,42,7
Adam Goldberg,128,76
Adam Haayer,21,5
Adam Hernandez,0,0
Adam Koets,23,5
Adam Lingner,228,1
Adam Meadows,109,102
Adam Pankey,30,7
Adam Redmond,39,4
Adam Schreiber,222,34
Adam Snyder,171,104
Adam Terry,66,22
Adam Timmerman,207,191
Adam Treu,119,21
Adolph Bieberstein,12,12
Adrian Ealy,3,0
Adrian Jones,69,30
Adrian Klemm,42,18
Adrien Clarke,28,18
Al Barry,57,18
Al Bemiller,130,45
Al Crook,15,10
Al DeRogatis,36,1
Al Dennis,31,1
Al Feeney,17,17
Al Graham,29,29
Al Jackson,5,0
Al Jamison,45,3
Al Jenkins,40,6
Al Johnson,68,45
Al Jolley,8,8
Al Krevis,13,0
Al Maginnes,3,2
Al Matuza,35,0
Al Nesser,26,26
Al Pierotti,42,29
Al Reynolds,100,10
Al Sarafiny,1,0
Al Simpson,23,8
Al Steinfeld,33,0
Al Wistert,23,0
Al Wukits,23,0
Alai Kalaniuvalu,0,0
Alama Uluave,3,1
Alan Faneca,229,224
Alan Kline,3,0
Alan Reuber,3,0
Alan Veingrad,88,43
Alaric Jackson,37,29
Aldo Forte,8,0
Alec Fishman,5,5
Alec Lindstrom,2,0
Alec Millen,0,0
Alejandro Villanueva,139,129
Alex Akingbulu,8,1
Alex Barron,94,81
Alex Bars,65,31
Alex Bernstein,0,0
Alex Boone,139,108
Alex Cappa,98,90
Alex Forsyth,3,0
Alex Kroll,14,0
Alex Kupper,4,1
Alex Leatherwood,31,23
Alex Lewis,54,48
Alex Light,19,2
Alex Mack,239,238
Alex Palczewski,3,1
Alex Parsons,20,4
Alex Redmond,45,28
Alex Sandusky,170,85
Alex Stepanovich,47,35
Alex Sulfsted,18,3
Alex Taylor,12,1
Alex Wojciechowicz,151,1
Alf Bauman,27,0
Alf Cobb,19,16
Alfredo Gutierrez,5,0
Ali Marpet,121,120
Alijah Vera Tucker,31,31
Allan Kennedy,42,1
Allen Barbre,128,56
Allen DeGraffenreid,5,0
Allen Gallaher,14,0
Almon Young,3,3
Alonzo Ephraim,47,5
Alvin Bailey,80,19
Alvin Loucks,1,1
Alvin Powell,21,0
Alvro Casey,3,3
Amby Rascher,7,1
Amini Silatolu,70,43
Amos Fowler,99,50
Andre Dillard,74,27
Andre Gurode,183,149
Andre Hines,9,0
Andre James,87,58
Andre Ramsey,5,0
Andre Smith,155,121
Andreas Knappe,6,0
Andrew Carnahan,4,0
Andrew Crummey,11,0
Andrew Donnal,46,8
Andrew Gardner,52,19
Andrew Gissinger,43,20
Andrew Greene,11,2
Andrew Hartline,4,0
Andrew Jelks,0,0
Andrew Lauderdale,10,1
Andrew McDonald,21,1
Andrew Norwell,151,146
Andrew Peterson,4,2
Andrew Rupcich,11,2
Andrew Stueber,3,1
Andrew Thomas,62,61
Andrew Tiller,39,18
Andrew Trainer,1,0
Andrew Vorhees,0,0
Andrew Whitworth,283,279
Andrew Wylie,116,95
Andrus Peat,137,125
Andy Alleman,31,8
Andy Chisick,22,0
Andy Cvercko,58,17
Andy Dickerson,1,0
Andy Eby,0,0
Andy Ekern,2,0
Andy Frederick,148,15
Andy Gallik,16,8
Andy Gross,28,0
Andy Heck,188,167
Andy King,6,0
Andy Levitre,182,180
Andy Maurer,132,111
Andy McCollum,213,167
Andy Miketa,25,7
Andy Salata,10,8
Andy Vincent,0,0
Angelo Fields,33,3
Angelo Loukas,15,1
Anthony Alabi,16,0
Anthony Bradford,17,12
Anthony Castonzo,176,175
Anthony Cesario,0,0
Anthony Clement,129,108
Anthony Collins,89,45
Anthony Corvino,2,0
Anthony Coyle,8,1
Anthony Davis,99,96
Anthony Fabiano,25,2
Anthony Herrera,93,83
Anthony Munoz,182,181
Anthony Oakley,3,0
Anthony Redmon,79,69
Anthony Steen,33,16
Antoine Caldwell,52,26
Antoine McClain,8,2
Anton Harrison,19,19
Antone Davis,101,91
Antonio Garcia,9,0
Archie Harris,3,0
Archie Sutton,20,2
Arie Kouandjio,27,10
Ariel Solomon,65,2
Arland Thompson,17,5
Arlington Hambright,21,3
Arron Sears,35,35
Art Anderson,41,7
Art Brandau,7,0
Art Bultman,37,15
Art Buss,14,0
Art Deremer,5,0
Art Dorfman,9,8
Art Harms,8,8
Art Hunter,121,40
Art Johnson,27,24
Art Koeninger,9,6
Art Kuehn,100,33
Art Laster,14,5
Art Mergenthal,11,0
Art Plunkett,76,5
Art Shell,230,187
Art Spinney,93,19
Art Statuto,14,1
Art Stevenson,8,2
Art Webb,6,6
Artis Hicks,138,79
Asim Richards,11,3
Atonio Mafi,19,7
Augie Lio,11,0
Austen Pleasants,10,3
Austin Blythe,114,80
Austin Corbett,92,75
Austin Deculus,18,2
Austin Higgins,6,6
Austin Howard,129,105
Austin Jackson,57,55
Austin King,36,1
Austin Pasztor,89,51
Austin Reiter,94,50
Austin Schlottmann,84,21
Austin Shepherd,20,2
Austin Wentworth,11,1
Ave Daniell,7,0
Avery Gennesy,4,0
Avery Young,4,0
Aviante Collins,28,6
B J Finney,94,29
Babe Lyon,3,0
Baby Ray,22,1
Badara Traore,9,1
Bap Manzini,26,0
Baptiste Thunder,1,1
Barney Cotton,45,11
Barney McGarry,11,0
Barney Traynor,5,5
Baron Rollins,0,0
Barret Robbins,125,109
Barrett Brooks,128,66
Barrett Jones,18,1
Barry Black,3,2
Barry Darrow,71,47
Barry French,24,0
Barry Hall,0,0
Barry Pettyjohn,2,0
Barry Richardson,87,61
Barry Sims,192,151
Barry Stokes,86,45
Barry Wesley,3,0
Bart Buetow,10,0
Bart Carroll,2,2
Bart Oates,187,180
Basilio Marchi,8,0
Beau Benzschawel,10,2
Belf West,9,9
Ben Archibald,5,0
Ben Bartch,55,25
Ben Bordelon,16,2
Ben Braden,33,4
Ben Bredeson,54,28
Ben Cavil,31,14
Ben Ciccone,17,0
Ben Claxton,11,0
Ben Cleveland,46,10
Ben Coleman,156,117
Ben Forsyth,2,2
Ben Fricke,19,5
Ben Garland,92,24
Ben Gilbert,0,0
Ben Gottschalk,6,2
Ben Grubbs,164,159
Ben Hamilton,130,121
Ben Ijalana,58,18
Ben Jefferson,4,4
Ben Jones,204,183
Ben Lawrence,1,0
Ben Lynch,55,2
Ben Noll,9,1
Ben Oas,7,4
Ben Powers,78,65
Ben Sobieski,1,0
Ben Sohn,12,0
Ben Tamburello,53,12
Ben Utt,111,96
Ben Wilkerson,37,0
Benji Olson,161,149
Bennie Anderson,84,75
Bern Brostek,105,85
Bernard Dafney,63,31
Bernard Robertson,16,5
Bernard Williams,16,16
Bernhard Raimann,36,28
Bernie Crowl,1,0
Bernie Darre,12,0
Bernie Feibish,3,0
Bernie Hughes,13,0
Bernie Kapitansky,6,0
Bert Pearson,44,29
Bert Weidner,78,41
Biff Lee,22,12
Big Bear,1,1
Bill Adams,47,1
Bill Austin,69,6
Bill Bain,150,62
Bill Bealles,3,3
Bill Blackburn,61,0
Bill Byrne,12,2
Bill Campbell,54,0
Bill Capps,20,12
Bill Cherry,28,1
Bill Clark,4,0
Bill Collins,12,0
Bill Conaty,58,18
Bill Conkright,67,0
Bill Contz,77,38
Bill Cottrell,64,10
Bill Crawford,4,0
Bill Curry,98,97
Bill Davis,8,0
Bill Diamond,1,0
Bill DuLac,26,2
Bill Dugan,47,8
Bill Ellenbogen,23,2
Bill Feldhaus,11,0
Bill Ferrario,17,0
Bill Fifer,24,2
Bill Fleckenstein,99,56
Bill Fortune,10,8
Bill Fralic,135,134
Bill Frank,4,0
Bill Godwin,24,0
Bill Hastings,1,0
Bill Hayhoe,62,22
Bill Hegarty,6,0
Bill Hitchcock,51,39
Bill Horrell,3,0
Bill Hughes,45,0
Bill Kennedy,12,0
Bill Kirchiro,8,0
Bill Kuusisto,21,0
Bill Lange,59,6
Bill Lapham,27,2
Bill Leach,1,0
Bill Lee,18,0
Bill Lenkaitis,182,136
Bill Lewis,72,63
Bill Lopasky,10,0
Bill Lueck,102,88
Bill Michael,5,1
Bill Milner,25,0
Bill Morgan,14,1
Bill Murray,35,6
Bill Nagy,8,7
Bill Piccolo,20,0
Bill Preston,1,0
Bill Radovich,11,0
Bill Reid,13,13
Bill Rieth,25,0
Bill Ryan,3,0
Bill Sandeman,98,65
Bill Schultz,57,28
Bill Searcey,1,0
Bill Singleton,1,0
Bill Springsteen,51,42
Bill Stein,9,3
Bill Stephens,5,4
Bill Stetz,2,0
Bill Story,14,2
Bill Strickland,6,2
Bill Turner,2,0
Bill Volok,22,0
Bill Walker,10,0
Bill Walsh,72,9
Bill Ward,9,0
Bill Wexler,1,0
Bill Winneshiek,4,4
Billy Ard,155,130
Billy Autrey,3,0
Billy Bryan,160,158
Billy Crouch,3,3
Billy Hinson,0,0
Billy Kidd,8,3
Billy Krisher,36,0
Billy Milner,45,10
Billy Neighbors,114,35
Billy Price,78,52
Billy Shaw,123,36
Billy Shields,156,128
Billy Turner,134,93
Billy Yates,51,20
Billy Young,2,0
Birdie Gardner,1,1
Blaine Clausell,13,1
Blaine Nye,141,111
Blaine Rose,0,0
Blaine Saipaia,39,15
Blair Bush,256,170
Blake Blackmar,4,1
Blake Brandel,48,10
Blake Brockermeyer,140,104
Blake Freeland,19,11
Blake Hance,67,14
Blake Miller,14,5
Blake Moore,80,13
Blake Muir,3,0
Blake Wingle,45,12
Blanchard Carter,13,0
Bo Lacy,0,0
Bob Asher,61,43
Bob Balog,18,0
Bob Bjorklund,7,0
Bob Breitenstein,71,25
Bob Brotzki,23,0
Bob Brown,128,109
Bob Butler,3,0
Bob Cryder,110,63
Bob Dahl,84,82
Bob David,3,1
Bob DeMarco,192,151
Bob Dees,10,0
Bob Downs,1,0
Bob Duncum,4,0
Bob Dunn,7,6
Bob Flowers,63,0
Bob Fry,126,88
Bob Gaona,60,17
Bob Gaudio,13,0
Bob Grottkau,35,4
Bob Gruber,2,0
Bob Hallen,90,47
Bob Hantla,24,0
Bob Hill,5,5
Bob Hyland,139,62
Bob Ingalls,10,0
Bob Johnson,157,139
Bob Kalsu,14,10
Bob Kelley,24,3
Bob Kelly,41,0
Bob Kowalkowski,142,101
Bob Kratch,113,74
Bob Kruse,30,0
Bob Kuechenberg,215,195
Bob Kuziel,91,44
Bob Landsee,9,2
Bob Lingenfelter,20,2
Bob McCaffrey,11,2
Bob McClure,12,0
Bob McCreary,9,4
Bob McCullough,56,0
Bob McKay,109,73
Bob Meeks,8,0
Bob Mischak,84,4
Bob Momsen,21,0
Bob Moser,31,0
Bob Nash,33,33
Bob Newton,142,108
Bob Nichols,42,3
Bob Norman,1,0
Bob Olderman,16,14
Bob Patton,12,0
Bob Penchion,48,31
Bob Pickens,20,5
Bob Pratt,178,159
Bob Pylman,11,0
Bob Reynolds,149,123
Bob Robertson,14,0
Bob Rush,124,60
Bob Sapp,3,0
Bob Schmidt,102,3
Bob Scholtz,82,33
Bob Scott,6,1
Bob Sebro,0,0
Bob Sedlock,14,0
Bob Sikora,0,0
Bob Simmons,88,70
Bob Skoronski,156,107
Bob St Clair,124,40
Bob Svihus,130,80
Bob Talamini,132,27
Bob Van Duyne,91,17
Bob Vaughn,1,0
Bob Vogel,149,149
Bob Wear,3,0
Bob Wells,20,2
Bob Wetoska,129,80
Bob White,24,10
Bob Whitfield,227,182
Bob Whitlow,116,27
Bob Yates,70,1
Bob Young,197,152
Bob Zimny,10,0
Bob deLauer,3,0
Bobbie Williams,191,158
Bobby Cross,89,19
Bobby Evans,50,22
Bobby Hart,122,81
Bobby Maples,146,121
Bobby Massie,164,144
Bobby Simon,0,0
Bobby Whitten,1,0
Bobby Wood,2,0
Boob Darling,36,17
Booker Brown,17,8
Bookie Bolin,92,42
Bourbon Bondurant,11,9
Boyd Jones,2,0
Boyd Williams,7,0
Brad Badger,137,64
Brad Bedell,40,4
Brad Benson,146,129
Brad Budde,93,80
Brad Butler,39,37
Brad Ecklund,48,5
Brad Edelman,91,88
Brad Fichtel,1,0
Brad Hopkins,204,198
Brad Kubik,0,0
Brad Leggett,4,2
Brad Lekkerkerker,1,0
Brad Lundblade,12,1
Brad Meester,228,228
Brad Oates,84,28
Braden Smith,95,92
Bradley Bozeman,116,90
Bradley Sowell,134,36
Brady Christensen,43,31
Braeden Daniels,3,0
Branden Albert,146,144
Brandon Brooks,143,132
Brandon Carter,5,0
Brandon Evans,0,0
Brandon Frye,19,4
Brandon Fusco,116,108
Brandon Gorin,58,32
Brandon Greene,4,1
Brandon Hayes,7,0
Brandon Hitner,4,1
Brandon Keith,42,28
Brandon Knight,27,13
Brandon Linder,107,105
Brandon Moore,165,163
Brandon Mosley,30,6
Brandon Parker,69,41
Brandon Scherff,146,146
Brandon Shell,97,82
Brandon Thomas,16,5
Brandon Walton,25,4
Brandon Washington,7,0
Brandon Winey,24,3
Brandyn Dombrowski,57,23
Braxston Cave,4,1
Braxton Jones,33,33
Braylon Jones,4,1
Bree Cuppoletti,11,0
Brendan Mahon,6,1
Brenden Jaimes,46,7
Brenden Stai,112,103
Brennan Curtin,0,0
Breno Giacomini,134,108
Brent Adams,41,35
Brent Boyd,60,28
Brent Griffith,0,0
Brent Johnson,3,0
Brent Laing,4,0
Brent Qvale,93,26
Brent Smith,62,32
Brett Boyko,9,1
Brett Heggie,3,0
Brett Jones,80,23
Brett Miller,118,63
Brett Moritz,6,0
Brett Petersmark,3,0
Brett Romberg,47,21
Brett Toth,27,4
Brett Williams,5,0
Brian Baldinger,149,49
Brian Blados,112,68
Brian Blankenship,63,38
Brian Bollinger,50,0
Brian Crawford,0,0
Brian Daniels,0,0
Brian De La Puente,81,65
Brian DeMarco,68,48
Brian E Clark,0,0
Brian Folkerts,42,2
Brian Goodman,17,16
Brian Habib,150,141
Brian Holloway,108,91
Brian Jozwiak,29,3
Brian McGrath,1,1
Brian Mihalik,29,2
Brian Rimpf,16,7
Brian Saranovitz,0,0
Brian Schwenke,80,39
Brian Thure,4,0
Brian Vertefeuille,14,1
Brian Waters,202,186
Brian Winters,130,103
Brock Gutierrez,114,23
Brock Hoffman,28,5
Broderick Jones,21,12
Broderick Thompson,144,139
Bruce Armstrong,219,219
Bruce Bosley,176,108
Bruce Campbell,29,2
Bruce Collie,101,44
Bruce Jarvis,25,23
Bruce Kimball,29,1
Bruce Kozerski,169,139
Bruce Matthews,311,307
Bruce Nelson,19,1
Bruce Reimers,129,86
Bruce Tarbox,7,0
Bruce Van Dyke,132,125
Bruce Walton,35,1
Bruce Wilkerson,158,100
Bruce Womack,3,0
Bruno Banducci,59,5
Bryan Anderson,4,0
Bryan Bulaga,162,156
Bryan Mattison,40,17
Bryan Millard,123,101
Bryan Stoltenberg,50,18
Bryan Stork,26,22
Bryan Witzmann,60,27
Bryant Browning,5,0
Bryant McKinnie,223,203
Bryant Meeks,19,0
Bryce Harris,63,8
Bub Weller,13,13
Bubba Miller,60,25
Bubba Paris,163,126
Bubba Pena,7,4
Buck Lansford,69,22
Buck MacDonald,6,5
Buck Weaver,18,8
Bucko Kilroy,74,1
Bucky Greeley,6,0
Bucky Wegener,19,0
Bud Brooks,1,1
Bud Doyle,5,0
Bud Erickson,3,0
Bud Svendsen,58,1
Bud Widick,2,0
Buddy Aydelette,21,5
Buddy Brown,71,13
Buddy Burris,19,0
Buddy Davis,6,0
Buddy Hardaway,12,0
Bull Wesley,31,16
Burr West,10,0
Burt Delevan,14,0
Burton Lawless,93,29
Buster Raborn,11,0
Buster Ramsey,13,0
Butch Gibson,29,2
Butch Spagna,12,12
Buzz Guy,55,7
Buzz Highsmith,32,1
Buzz Nutter,156,51
Byron Beams,27,0
Byron Bradfute,17,0
Byron Ingram,13,5
Byron Stingily,42,10
C J Brooks,0,0
C J Davis,21,1
Cade Mays,31,8
Caesar Rentie,5,0
Cal Dixon,66,12
Cal Hubbard,13,0
Cal Thomas,3,0
Cal Withrow,60,1
Caleb Benenoch,47,27
Caleb Jones,6,0
Caleb Schlauderaff,24,3
Calvin Anderson,55,19
Calvin Armstrong,0,0
Calvin Collins,71,59
Calvin Hunt,21,10
Calvin Stephens,13,1
Calvin Throckmorton,54,30
Cam Jurgens,34,14
Cam Robinson,100,99
Cameron Bradfield,63,38
Cameron Erving,121,73
Cameron Fleming,159,79
Cameron Hunt,10,0
Cameron Jefferson,3,0
Cameron Lee,6,0
Cameron Spikes,64,30
Cameron Stephenson,1,0
Cameron Tom,34,3
Cap Edwards,9,2
Cap Oehler,35,0
Carey Clayton,1,0
Carl Bax,15,10
Carl Butkus,7,0
Carl Cardarelli,3,0
Carl Fennema,13,0
Carl George,2,1
Carl Grate,6,0
Carl Johnson,28,20
Carl Kaplanoff,11,0
Carl Larpenter,30,0
Carl Mauck,174,159
Carl Nicks,95,88
Carl Schaukowitch,11,2
Carlos Scott,45,1
Carlton Haselrig,54,49
Carroll Ringwalt,9,4
Carroll Vogelaar,10,0
Carson Dach,16,0
Carson Green,3,0
Carter Bykowski,8,1
Carter Warren,9,5
Cas Banaszek,125,117
Casey Dunn,6,0
Casey Rabach,152,132
Casey Tucker,3,0
Casey Wiegmann,247,214
Caylin Hauptmann,4,1
Cecil Gray,39,15
Cecil Newton,3,0
Cedric Ogbuehi,86,43
Cedrick Lang,10,0
Cesar Ruiz,70,64
Chad Beasley,8,3
Chad Clifton,193,188
Chad Overhauser,3,0
Chad Rinehart,85,58
Chad Setterstrom,0,0
Chad Slade,21,6
Chad Slaughter,56,10
Chad Ward,0,0
Chad Wheeler,41,21
Chance Warmack,93,69
Chandler Brewer,27,11
Chandler Zavala,12,9
Char ron Dorsey,15,4
Charles Aiu,40,1
Charles Brown,77,32
Charles Hope,8,0
Charles McRae,84,39
Charles Spencer,2,2
Charles Vatterott,2,1
Charley Brock,93,0
Charley Cowan,213,183
Charley Diamond,52,0
Charley Ellzey,16,1
Charley Hannah,140,119
Charley Long,126,19
Charley Quilter,11,0
Charlie Ane,105,3
Charlie Bradshaw,145,88
Charlie Carman,6,3
Charlie Copley,14,12
Charlie Dickey,1,0
Charlie Fowler,20,13
Charlie Getty,134,107
Charlie Goodrum,108,80
Charlie Granger,28,6
Charlie Guy,35,32
Charlie Harper,85,39
Charlie Havens,13,11
Charlie Heck,49,26
Charlie Johnson,162,137
Charlie Kempinska,10,0
Charlie Knight,8,7
Charlie Leo,38,0
Charlie Moore,14,0
Charlie Olmstead,2,2
Charlie Parker,14,0
Charlie Shaw,5,0
Charlie Stewart,2,0
Charlie Ware,8,0
Chase Clements,4,4
Chase Farris,3,0
Chase Johnson,0,0
Chase Roullier,80,72
Chasen Hines,5,1
Chaz Green,57,14
Chester Pitts,126,123
Chet Adams,12,0
Chet Bulger,23,0
Chet Chesney,9,0
Chet Gladchuk,32,1
Chet Lagod,11,2
Chet Widerquist,20,18
Chick Lang,5,3
Chidi Okeke,4,0
Chief Franta,16,8
Chilo Rachal,86,58
Chris Banks,28,5
Chris Barker,22,2
Chris Bober,93,38
Chris Brymer,0,0
Chris Chester,209,174
Chris Clark,169,95
Chris Colmer,0,0
Chris Conlin,27,2
Chris Conrad,17,4
Chris Dalman,117,70
Chris DeGeare,12,7
Chris Dieterich,66,51
Chris Dishman,100,61
Chris Durant,4,0
Chris Dyko,8,1
Chris Foote,110,8
Chris Gambol,46,15
Chris Geile,3,1
Chris Glaser,12,1
Chris Godfrey,73,54
Chris Gray,219,179
Chris Hairston,97,40
Chris Harrison,2,0
Chris Hinton,181,176
Chris Hubbard,79,52
Chris Kemoeatu,96,72
Chris Kuper,102,89
Chris Lindstrom,79,79
Chris Liwienski,130,96
Chris Martin,4,1
Chris Matau,3,0
Chris McIntosh,24,13
Chris Morris,62,14
Chris Myers,177,150
Chris Naeole,157,153
Chris Patrick,8,0
Chris Paul,17,10
Chris Port,71,52
Chris Reed,89,37
Chris Riehm,20,6
Chris Ruhman,11,2
Chris Samuels,152,152
Chris Schultz,22,10
Chris Scott,75,17
Chris Sedoris,9,0
Chris Snee,168,167
Chris Spencer,164,113
Chris Terry,117,104
Chris Thome,16,0
Chris Villarrial,156,149
Chris Watt,23,12
Chris Williams,103,75
Chris Ziemann,8,0
Christian Darrisaw,43,41
Christian DiLauro,15,3
Christian Gaddis,4,0
Christian Westerman,28,4
Chubby Grigg,23,0
Chuck Arrobio,11,0
Chuck Belin,21,6
Chuck Bradley,1,0
Chuck Brown,4,0
Chuck Cherundolo,107,1
Chuck Commiskey,35,14
Chuck Correal,17,0
Chuck Drulis,23,0
Chuck Hajek,11,0
Chuck Herman,2,0
Chuck Hinton,32,0
Chuck Hutchison,47,18
Chuck Johnson,16,0
Chuck Lanza,27,0
Chuck Loewen,53,3
Chuck Muelhaupt,28,0
Chuck Pitcock,2,2
Chuck Reynolds,27,0
Chuck Slaughter,1,0
Chuck Steele,3,1
Chuck Thomas,86,3
Chuck Walton,99,95
Chukky Okobi,83,7
Chukwuma Okorafor,96,75
Chuma Edoga,50,23
Clare Randolph,45,18
Clarence Janecek,11,0
Clarence Jones,111,88
Claude Perry,18,10
Claude Terrell,20,13
Claudie Minor,130,128
Clay DeBord,3,0
Clay Miller,3,2
Clay Shiver,44,25
Cleveland Green,103,35
Cliff Patton,37,1
Cliff Roberts,7,0
Cliff Speegle,8,0
Clint Boling,140,133
Clint Oldenburg,2,0
Clint Stickdorn,1,0
Clure Mosher,1,0
Clyde Brock,34,2
Clyde Ehrhardt,34,0
Clyde Shugart,11,0
Clyde Smith,30,28
Clyde Williams,60,25
Cody Conway,1,0
Cody Ford,80,44
Cody Mauch,22,22
Cody Risien,156,150
Cody Wallace,80,28
Cody White,8,1
Cody Whitehair,143,137
Cody Wichmann,38,23
Cohl Cabral,3,0
Colby Gossett,50,12
Colby Sorsdal,22,6
Cole Banwart,3,0
Cole Boozer,1,0
Cole Croston,9,1
Cole Gardner,2,0
Cole Madison,3,1
Cole Manhart,2,0
Cole Strange,30,30
Cole Toner,30,8
Cole Van Lanen,37,1
Coleman Shelton,90,38
Colin Baxter,32,4
Colin Brown,33,10
Colton McKivitz,60,29
Connie Zelencik,14,0
Connor Galvin,4,0
Connor Hilland,4,1
Connor McGovern,202,187
Connor Williams,100,94
Conor McDermott,68,20
Conrad Dobler,134,129
Conrad Goode,38,4
Conway Baker,42,0
Conway Hayman,84,57
Cooper Carlisle,212,153
Cooper Hodges,2,1
Corbin Kaufusi,3,0
Corbin Lacina,134,82
Cord Howard,14,5
Cordel Iwuagwu,0,0
Cordell Volson,38,37
Cordy Glenn,117,113
Corey Clark,9,0
Corey Hilliard,74,20
Corey Hulsey,40,17
Corey Levin,83,11
Corey Linsley,157,154
Corey Louchiey,48,13
Corey Luciano,5,0
Corey Robinson,39,11
Cornelius Edison,17,5
Cornelius Johnson,82,12
Cornelius Lucas,146,63
Cornell Green,107,59
Cory Brandon,4,1
Cory Lekkerkerker,26,2
Cory Procter,68,16
Cory Raymer,101,85
Cory Withrow,115,17
Cosey Coleman,104,96
Courtney Hall,124,124
Courtney Van Buren,9,7
Coy Cronk,14,1
Craig Heimburger,13,0
Craig Hertwig,37,24
Craig Novitsky,41,10
Craig Osika,1,0
Craig Page,2,0
Craig Robinson,19,0
Craig Watts,11,1
Craig Wolfley,159,108
Craig Wycinsky,6,0
Crawford Ker,94,85
Creed Humphrey,70,70
Cullen Loeffler,18,0
Curry Dawson,0,0
Curt DiGiacomo,15,0
Curt Marsh,48,32
Curt Merz,96,9
Curt Singer,33,1
Curtis Rouse,69,32
Curtis Whitley,76,27
Cyril Richardson,21,7
D J Fluker,135,118
D J Humphries,118,113
D J Tialavea,4,1
D J Young,3,0
Dakoda Shepley,22,0
Dakota Dozier,105,33
Dale Hellestrae,226,4
Dale Memmelaar,109,26
Dale Waters,14,8
Dallas Reynolds,69,18
Dallas Thomas,52,34
Dalton Freeman,23,2
Dalton Risner,81,77
Dalton Truax,14,0
Dalton Wagner,3,1
Damian Johnson,58,33
Damien Lewis,68,68
Damien Mama,4,0
Damien Woody,188,181
Damion Cook,40,16
Damion McIntosh,131,118
Damon Denson,15,4
Damon Tassos,12,0
Dan Archer,24,0
Dan Audick,82,37
Dan Callahan,9,0
Dan Connolly,120,95
Dan Dercher,11,0
Dan Dierdorf,163,153
Dan Doubiago,3,0
Dan Dufour,22,3
Dan Feeney,131,77
Dan Ficca,70,0
Dan Fike,121,108
Dan Fowler,1,0
Dan France,7,1
Dan Gerberry,2,0
Dan Goodspeed,2,0
Dan Graham,0,0
Dan Grimm,90,42
Dan James,93,44
Dan Jiggetts,99,2
Dan Jones,34,5
Dan Koppen,167,160
Dan LaRose,65,12
Dan McGrew,14,0
Dan McQuaid,41,3
Dan Medlin,81,26
Dan Neal,136,95
Dan Neil,113,109
Dan Nugent,59,24
Dan Palmer,0,0
Dan Peiffer,38,34
Dan Remsberg,24,1
Dan Rogas,23,0
Dan Rosado,16,14
Dan Ryczek,109,24
Dan Santucci,2,0
Dan Skipper,64,11
Dan Stevenson,0,0
Dan Sullivan,150,100
Dan Turk,225,40
Daniel Baldridge,19,0
Daniel Brunskill,102,69
Daniel Faalele,40,6
Daniel Federkeil,36,9
Daniel Kilgore,134,77
Daniel Loper,74,17
Daniel Munyer,46,10
Danny Isidora,46,12
Danny Pinter,53,12
Danny Villa,164,77
Danny Watkins,34,26
Dante Ellington,2,0
Darby Lowery,34,27
Daren Gilbert,42,11
Dareuan Parker,2,0
Darian Kinnard,7,0
Darin Shoulders,1,0
Darius Helton,6,0
Darnell Alford,9,0
Darnell Stapleton,21,15
Darnell Wright,18,18
Darrel Aschbacher,12,0
Darrell Austin,70,20
Darrell Dess,164,81
Darrell Greene,8,1
Darrell Hamilton,21,10
Darrell Williams,55,4
Darren Keyton,4,0
Darren Reese,0,0
Darren Twombly,1,1
Darrian Miller,10,1
Darrick Brilz,175,124
Darrin Paulo,6,0
Darrion Weems,22,6
Darryl Ashmore,134,34
Darryl Caldwell,14,0
Darryl Carlton,72,37
Darryl Haley,95,26
Darryl Harris,2,0
Darryl Moore,12,0
Daryl Sanders,56,54
Daryl Terrell,58,11
Daryl White,10,0
Daryl Williams,112,89
Daryle Smith,62,16
Daryn Colledge,174,169
Dave Behrman,40,10
Dave Bradley,16,1
Dave Burnette,1,0
Dave Cadigan,83,65
Dave Costa,15,0
Dave Crossan,59,1
Dave Croston,16,1
Dave Cullity,2,0
Dave Dalby,228,152
Dave Drechsler,32,15
Dave Fiore,65,57
Dave Foley,111,91
Dave Graham,83,16
Dave Harbour,31,0
Dave Heffernan,2,0
Dave Herman,131,92
Dave Hettema,13,0
Dave Hill,153,102
Dave Hubbard,5,0
Dave Huffman,135,25
Dave Kadela,2,0
Dave Kraayeveld,12,0
Dave Lafary,109,58
Dave Lapham,131,110
Dave Lunceford,12,1
Dave Lutz,195,179
Dave Manders,152,80
Dave McCormick,16,0
Dave Middendorf,34,16
Dave Myers,7,6
Dave Pacella,16,0
Dave Pearson,2,0
Dave Reavis,130,89
Dave Recher,46,0
Dave Ribble,1,0
Dave Rimington,80,74
Dave Scott,102,79
Dave Simonson,36,0
Dave Smith,17,0
Dave Sparenberg,1,0
Dave Sparks,16,1
Dave Stephenson,61,3
Dave Strickland,14,0
Dave Studdard,154,142
Dave Suminski,16,0
Dave Thompson,56,21
Dave Watson,30,0
Dave Widell,163,99
Dave Wohlabaugh,136,136
Dave Yovanovits,6,1
Dave Zawatson,22,0
David Alexander,136,119
David Andrews,150,144
David Arkin,33,11
David Baas,143,103
David Bakhtiari,159,159
David Binn,49,0
David Brandt,16,1
David DeCastro,158,157
David Diaz Infante,75,9
David Diehl,194,190
David Edwards,83,54
David Foucault,13,1
David Hale,25,1
David Jordan,37,4
David Loverne,64,24
David Mims,3,0
David Molk,32,7
David Pyles,2,0
David Quessenberry,93,38
David Sharpe,63,13
David Snow,12,3
David Steinmetz,12,0
David Stewart,136,136
David Szott,168,162
David Taylor,75,65
David Viaene,21,8
David Ware,0,0
David Williams,133,111
David Yankey,15,2
Davin Joseph,131,127
Dawand Jones,15,11
Dawson Deaton,1,0
DeMarcus Curry,3,0
DeMarcus Love,7,1
DeMingo Graham,60,38
Dean Caliguire,18,0
Dean Miraldi,50,32
Dean Perriman,1,0
Dean Steinkuhler,108,82
Dejon Allen,4,0
Del Lyman,8,0
Del Ritchhart,11,0
Del Williams,92,87
Demar Dotson,168,136
Demetress Bell,43,36
Demetrius Knox,2,0
Demetrius Rhaney,47,5
Dennis Boyd,2,2
Dennis Daley,66,41
Dennis Franks,58,1
Dennis Harrah,184,158
Dennis Havig,76,57
Dennis Kelly,169,69
Dennis Landolt,0,0
Dennis Lick,81,76
Dennis McKnight,143,100
Dennis Nelson,79,44
Dennis Norman,85,29
Dennis Roland,98,38
Dennis Swilley,145,104
Denny Biodrowski,32,0
Denny Cahill,2,0
Denny Gildea,7,2
Denny Hughes,7,6
Denver Kirkland,19,8
Denzelle Good,73,48
Deonte Brown,11,1
Derek Allen,1,0
Derek Burton,3,3
Derek Engler,37,9
Derek Hardman,27,7
Derek Kennard,141,127
Derek Newton,104,83
Derek Sherrod,29,3
Derek West,7,0
Dermontti Dawson,197,194
Deron Thorp,0,0
Derrel Gofourth,116,72
Derrick Deese,164,142
Derrick Dockery,156,129
Derrick Fletcher,25,5
Derrick Graham,105,63
Derrick Kelly,15,0
Derwin Gray,12,0
Desmond Harrison,11,9
Desmond Noel,2,0
Deuce Lutui,126,95
Devery Hamilton,13,2
Devin Clark,7,0
Devin Cochran,3,0
Dewey Lyle,16,16
Deyshawn Bond,7,7
Dick Afflis,48,8
Dick Barker,8,0
Dick Barwegan,53,4
Dick Bassi,37,0
Dick Chorovich,31,1
Dick Cunningham,28,20
Dick Enderle,101,58
Dick Hall,14,13
Dick Hanson,3,1
Dick Hart,61,59
Dick Himes,136,104
Dick Hudson,70,11
Dick Huffman,27,3
Dick Kasperek,21,0
Dick Klawitter,6,0
Dick Klein,103,7
Dick Leeuwenburg,9,0
Dick Logan,18,7
Dick Mills,22,0
Dick Murley,14,0
Dick Pierce,4,2
Dick Rauch,9,3
Dick Schafrath,184,126
Dick Stahlman,32,28
Dick Stanfel,76,25
Dick Steere,5,0
Dick Swatland,4,0
Dick Szymanski,68,66
Dick Tomlinson,23,0
Dick Tyson,10,1
Dick Wildung,60,0
Dick Yelvington,64,11
Dick Zoll,11,0
Diddie Willson,11,0
Dieter Eiselen,35,0
Dieugot Joseph,11,0
Dillon Day,4,1
Dillon Farrell,12,0
Dillon Gordon,9,1
Dillon Radunz,45,21
Dilly Dally,5,3
Dino Boyd,4,1
Dion Dawkins,138,129
Dixie Stokes,26,0
Doc Alexander,39,35
Doc Davis,17,11
Doc Haggerty,12,10
Doc Morrison,21,0
Doc Voss,4,0
Dolph Eckstein,25,24
Dominic Raiola,245,229
Don Bailey,20,0
Don Bandy,26,0
Don Barclay,90,35
Don Boll,94,11
Don Brown,13,0
Don Campora,24,0
Don Chelf,28,0
Don Chuy,83,30
Don Corbitt,2,0
Don Croftcheck,35,11
Don Deeks,6,0
Don Deskins,14,0
Don Estes,5,0
Don Ettinger,13,0
Don Gillis,45,11
Don Greco,47,40
Don Laster,26,8
Don Lawrence,35,3
Don Macek,168,156
Don Maggs,118,55
Don Manoukian,14,0
Don Morrison,123,96
Don Mosebar,182,162
Don Muhlbach,8,0
Don Nelson,11,0
Don Oakes,106,18
Don Parker,12,0
Don Pierce,3,0
Don Pumphrey,3,3
Don Robinson,2,0
Don Shackelford,8,0
Don Simensen,26,7
Don Sommer,3,3
Don Steinbrunner,9,0
Don Straw,3,1
Don Talbert,103,67
Don Williams,6,0
Donald Hawkins,20,1
Donald Penn,227,218
Donald Stephenson,103,50
Donald Thomas,68,35
Donald Willis,64,6
Donavon Clark,6,0
Donell Stanley,0,0
Donnell Greene,3,0
Donnell Johnson,7,0
Donnie Green,93,73
Donnie Hickman,20,0
Donovan Raiola,5,1
Donovan Smith,167,166
Dorian Brooks,3,0
Dorian Johnson,8,0
Doug Brzezinski,80,30
Doug Crusan,90,65
Doug Davis,81,49
Doug Dawson,113,77
Doug Dieken,207,198
Doug Dumler,75,3
Doug France,121,97
Doug Free,157,139
Doug Hire,3,1
Doug Hogland,84,17
Doug Hoppock,3,3
Doug Karczewski,0,0
Doug Kellermeyer,3,0
Doug Kramer,6,2
Doug Kriewald,15,1
Doug Legursky,107,40
Doug Mackie,3,3
Doug Marrone,5,0
Doug Nienhuis,7,0
Doug Riesenberg,151,138
Doug Skene,6,6
Doug Van Horn,172,154
Doug Widell,148,135
Doug Wilkerson,211,202
Drake Jackson,2,0
Drew Caylor,0,0
Drew Dalman,55,35
Drew Desjarlais,3,0
Drew Ellis,11,0
Drew Forbes,23,5
Drew Hodgdon,14,8
Drew Inzer,0,0
Drew Miller,8,0
Drew Nowak,18,10
Drew Radovich,1,0
Drip Wilson,1,0
Dru Samia,20,6
Duane Brown,258,255
Duane Putnam,124,55
Dub Garrett,6,0
Duce Keahey,2,0
Duke Maronic,22,0
Duke Preston,67,21
Duke Robinson,3,0
Duke Slater,18,18
Dunc Obee,3,0
Dustin Fry,4,0
Dustin Stanton,3,0
Dusty Zeigler,85,83
Dutch Elston,11,0
Dutch Miller,1,0
Dutch Speck,15,11
Dutch Wallace,16,12
Duval Love,176,129
Dwayne Carswell,7,0
Dwayne Ledford,10,1
Dwayne Morgan,5,0
Dwayne White,106,100
Dwight Stephenson,125,97
Dwight Wheeler,99,47
Dylan Cook,6,0
Dylan Gandy,152,23
Dylan McFarland,2,0
Dylan Parham,39,36
E J Holub,46,38
Earl Dotson,135,99
Earl Elser,8,0
Earl Nolan,5,0
Earl Putman,12,1
Earl Watford,96,34
Eben Britton,74,42
Ed Adamchik,8,2
Ed Bagdon,26,0
Ed Beatty,93,21
Ed Beinor,18,0
Ed Bell,12,0
Ed Berwick,4,4
Ed Blaine,71,31
Ed Blanton,0,0
Ed Budde,184,117
Ed Carman,10,4
Ed Champagne,12,0
Ed Cook,110,45
Ed Cunningham,61,47
Ed Ellis,54,7
Ed Fisher,133,107
Ed Flanagan,166,163
Ed Fulton,9,0
Ed George,58,29
Ed Hardy,3,0
Ed Healey,20,18
Ed Hiemstra,11,0
Ed Ingram,36,35
Ed King,57,47
Ed Kolman,24,0
Ed Konopasek,3,3
Ed Korisky,9,0
Ed Listopad,3,0
Ed Marcontell,8,0
Ed McGee,11,0
Ed McGlasson,26,0
Ed Mitchell,22,2
Ed Muransky,26,0
Ed Neal,38,0
Ed Newman,177,119
Ed Nutting,18,7
Ed Sauer,44,42
Ed Simmons,147,106
Ed Voytek,24,2
Ed Walsh,1,0
Ed Wang,6,0
Ed Weir,12,3
Ed White,265,232
Eddie Kawal,38,2
Eddie Meyer,9,0
Eddie Michaels,12,0
Edwin Bailey,146,127
Edwin Mulitalo,141,137
Edwin Williams,43,15
Elbert Crawford,30,16
Elbert Drungo,121,91
Eldon Danenhauer,73,0
Eldred Kraemer,12,0
Elgton Jenkins,81,78
Eli Strand,22,8
Elijah Nkansah,10,1
Elijah Wilkinson,95,55
Elliot Bonowitz,19,10
Elliot Silvers,0,0
Elliot Vallejo,4,0
Ellis Gardner,26,0
Ellis Jones,7,0
Ellison Kelly,13,0
Elmer Collett,152,103
Elmer McCormick,30,18
Elmer Ward,1,0
Elton Brown,42,14
Emanuel Zanders,99,91
Emerson Martin,2,1
Emil Boures,36,15
Emil Slovacek,2,0
Emmett Barrett,10,0
Emmett Cleary,33,4
Emmett Keefe,35,29
Enoch DeMar,20,13
Ephraim Salaam,176,133
Ereck Flowers,126,120
Eric Andolsek,63,50
Eric Beverly,92,41
Eric Coss,3,3
Eric Coyle,3,3
Eric Crigler,0,0
Eric Cunningham,23,1
Eric Fisher,164,160
Eric Floyd,41,27
Eric Ghiaciuc,58,46
Eric Heitmann,130,124
Eric Herman,8,0
Eric Jonassen,35,2
Eric Kush,95,28
Eric Laakso,94,68
Eric Mahlum,38,18
Eric Moran,37,8
Eric Moss,0,0
Eric Moten,70,64
Eric Olsen,50,8
Eric Sanders,170,45
Eric Smith,23,3
Eric Steinbach,135,134
Eric Stokes,1,1
Eric Wiegand,2,0
Eric Winston,200,152
Eric Wood,153,152
Eric Young,2,0
Erik Austell,3,0
Erik Cook,14,3
Erik Magnuson,18,4
Erik McCoy,84,84
Erik Norgard,111,12
Erik Pears,149,122
Erik Rosenmeier,1,0
Ernest Dye,50,23
Ernie Barber,4,1
Ernie Barnes,40,1
Ernie Blandin,24,0
Ernie Cheatham,12,0
Ernie Hughes,45,29
Ernie Janet,33,16
Ernie McMillan,190,164
Ernie Meyer,9,4
Ernie Park,73,18
Ernie Rosteck,11,0
Ernie Vick,33,19
Ernie Wright,180,67
Errol Linden,134,110
Ethan Albright,157,0
Ethan Brooks,77,26
Ethan Cooper,4,0
Ethan Greenidge,21,1
Ethan Pocic,103,80
Eugene Amano,142,86
Eugene Chung,55,30
Eugene Monroe,134,128
Evan Boehm,74,26
Evan Brown,73,46
Evan Mathis,176,111
Evan Neal,25,25
Evan Pilgrim,35,9
Evan Smith,53,18
Everett Lindsay,140,65
Everett Little,10,1
Everett McIver,61,45
Evin Ksiezarczyk,2,0
Ezell Jones,18,0
Ezra Cleveland,66,58
Fate Echols,8,0
Fee Klaus,4,2
Fernando Velasco,114,45
Festus Tierney,12,12
Floyd Wedderburn,46,26
Floyd Womack,131,76
Flozell Adams,218,214
Forrest Blue,155,87
Forrest Gregg,203,141
Forrest Lamp,31,22
Forrest Masterson,5,0
Forrest McPherson,28,0
Foster Sarell,34,7
Fran Morelli,5,0
Francis Peay,104,63
Frank Abruzzino,15,7
Frank Bausch,62,1
Frank Beede,48,8
Frank Butler,9,0
Frank Cope,22,0
Frank Cornish,95,21
Frank Coughlin,30,30
Frank Culver,36,36
Frank Davis,15,5
Frank DeClerk,19,8
Frank Dempsey,42,0
Frank Frazier,3,0
Frank Gallagher,102,54
Frank Garcia,131,94
Frank Gatski,105,19
Frank Gause,3,2
Frank Giddens,26,2
Frank Glassman,9,5
Frank Huffman,11,0
Frank Jackunas,3,0
Frank Lasky,18,14
Frank Leavitt,2,0
Frank Marchlewski,88,42
Frank McNally,26,10
Frank Moran,6,4
Frank Morrissey,8,6
Frank Morze,86,14
Frank Myers,27,12
Frank Omiyale,99,43
Frank Ori,3,3
Frank Pastin,1,0
Frank Peters,3,0
Frank Pollack,99,6
Frank Racis,20,20
Frank Ragnow,92,92
Frank Ramsey,8,0
Frank Romero,0,0
Frank Roy,11,1
Frank Rydzewski,36,28
Frank Sullivan,36,0
Frank Sutton,2,2
Frank Szymanski,47,0
Frank Varrichione,133,71
Frank Walton,12,0
Frank Whitcomb,5,4
Frank Winters,252,161
Frank Wydo,96,9
Frank Youngfleish,14,9
Frank Youso,94,13
Franky Smith,4,2
Fred Boensch,12,0
Fred Broussard,16,6
Fred Brumm,1,0
Fred Cole,15,1
Fred Hageman,28,17
Fred Hartman,12,0
Fred Hoaglin,149,91
Fred Johnson,58,13
Fred Matua,0,0
Fred Miller,204,176
Fred Mundee,22,0
Fred Naumetz,62,2
Fred Negus,12,0
Fred Nesser,7,7
Fred Quillan,154,139
Fred Rothwell,14,0
Fred Shirey,10,0
Fred Shook,4,0
Fred Sturt,109,51
Fred Wakefield,26,9
Fred Weary,63,43
Freddie Childress,31,5
Freddie Woodson,13,5
Freeman Fitzgerald,10,9
Fritz Barzilauskas,31,0
Fuzzy Thurston,128,69
Gabe Carimi,61,35
Gabe Ikard,30,1
Gabe Jackson,153,146
Gale Gillingham,131,117
Galen Laack,8,0
Gannon Shepherd,1,0
Garett Bolles,111,111
Garin Patrick,5,0
Garland Buckeye,38,33
Garrett Bradbury,80,80
Garrett Gilkey,30,2
Garrett McGhin,2,0
Garrett Reynolds,98,52
Garrick Jones,0,0
Garry Gilliam,91,43
Garry Puetz,143,85
Garry Williams,59,28
Garth Gerhart,6,1
Garth Thomas,1,1
Gary Brown,28,5
Gary Bugenhagen,24,7
Gary Greaves,8,0
Gary Hoffman,4,0
Gary Kirner,79,22
Gary Kowalski,58,27
Gary Roberts,11,6
Gary Schippang,0,0
Gary Smith,8,2
Gary Westberry,0,0
Gary Zimmerman,197,197
Gene Ceppetelli,40,9
Gene Chilton,79,42
Gene Cockrell,42,0
Gene Ferguson,27,18
Gene Hamlin,16,0
Gene Hickerson,212,162
Gene Killian,7,0
Gene Lee,11,0
Gene McGuire,17,0
Gene Mruczkowski,37,0
Gene Pepper,44,2
Gene Sanders,80,41
Gene Selawski,30,3
Gene Smith,10,6
Gene Upshaw,241,231
Gene Williams,120,69
Gennaro DiNapoli,41,29
Geoff Gray,4,0
Geoff Hangartner,141,97
Geoff Reece,18,0
Geoff Schwartz,93,49
George Allen,9,0
George Asafo Adjei,0,0
George Atkins,12,5
George Belotti,21,1
George Bernard,4,3
George Berry,42,36
George Brown,12,0
George Buehler,164,120
George Burman,91,7
George Christensen,24,0
George Collins,70,26
George Colton,3,3
George Connor,69,2
George Dahlgren,8,4
George Daney,102,29
George Fant,125,87
George Flint,65,6
George Foster,75,63
George Gaiser,10,7
George Goeddeke,66,60
George Harvey,6,4
George Hegamin,70,18
George Hekkers,3,0
George Hughes,60,11
George Karstens,2,0
George Kennard,48,3
George Kirk,6,6
George Knight,2,1
George Kunz,132,129
George Lilja,65,19
George Magerkurth,1,0
George McDuffie,3,2
George McGee,14,0
George McGill,3,2
George Moore,0,0
George Mrkonic,9,0
George Munday,26,0
George Petrovich,11,0
George Preas,145,66
George Radosevich,32,4
George Reihner,31,25
George Roman,21,0
George Seals,56,38
George Sergienko,10,0
George Starke,166,156
George Svendsen,34,1
George Tandy,6,5
George Timberlake,6,0
George Titus,11,0
George Trafton,143,102
George Yarno,141,73
Gerald Perry,102,89
Gerald Skinner,15,0
Gerhard de Beer,2,0
Germain Ifedi,131,110
Geron Christian,76,34
Gerry Conlee,19,0
Gerry Feehery,47,24
Gerry Mullins,142,100
Gerry Raymond,0,0
Gerry Sullivan,120,26
Gery Palmer,2,1
Gil Bouley,13,0
Gino Gradkowski,86,28
Glen Campbell,0,0
Glen Holloway,70,54
Glen Howe,21,5
Glen Magnusson,1,1
Glen Ray Hines,115,101
Glen Sorenson,10,0
Glen Stough,10,0
Glen Titensor,95,47
Glenn Bujnoch,104,65
Glenn Derby,7,0
Glenn Holtzman,49,9
Glenn Hyde,120,13
Glenn Parker,193,157
Glenn Ressler,134,106
Godfrey Zaunbrecher,17,0
Gordie Browne,23,0
Gordon Gravelle,122,80
Gordon Jolley,59,24
Gordon King,102,64
Gordon Polofsky,27,1
Gordon Watkins,20,18
Gordon Wilson,8,0
Gordon Wright,5,0
Gosder Cherilus,165,140
Grady Alderman,216,160
Graham Glasgow,137,125
Grant Feasel,134,58
Grant Hermanns,8,0
Grant Williams,129,50
Greg Bishop,104,68
Greg Bloedorn,11,0
Greg Christy,7,0
Greg Davidson,40,0
Greg Dubinetz,15,0
Greg Eiland,9,1
Greg Engel,33,9
Greg Eslinger,0,0
Greg Fairchild,27,2
Greg Feasel,18,3
Greg Gunter,0,0
Greg Horton,84,49
Greg Huntington,19,0
Greg Jensen,1,0
Greg Jerman,20,4
Greg Johnson,1,0
Greg Kindle,36,13
Greg Koch,177,158
Greg Larson,182,139
Greg Little,39,15
Greg Loberg,3,1
Greg Mancz,90,39
Greg Murtha,5,0
Greg Ours,3,3
Greg Quick,1,0
Greg Randall,54,42
Greg Robinson,104,87
Greg Sampson,69,68
Greg Senat,18,2
Greg Sinnott,1,0
Greg Skrepenak,70,58
Greg Truitt,43,0
Greg Van Roten,137,82
Gregg Rakoczy,86,52
Gregg Swartwoudt,1,0
Grey Ruegamer,140,19
Gus Cifelli,74,10
Gus Coppens,9,7
Gus Goetz,9,9
Gust Zarnas,10,0
Gustave Sonnenberg,11,11
Guy Bingham,207,34
Guy Dennis,90,25
Guy Goar,0,0
Guy McIntyre,208,144
Guy Morriss,229,181
Guy Murdock,14,4
Guy Turnbow,9,0
Guy Whimper,100,33
Hakeem Adeniji,59,28
Hal Cooper,7,0
Hal Griffen,7,2
Hal Hanson,46,40
Hal Miller,12,1
Hal Mitchell,11,0
Hal Weldin,1,0
Halapoulivaati Vaitai,109,64
Halvor Hagen,23,18
Ham Harmon,6,0
Hamilton Nichols,22,0
Hamp Tanner,22,0
Hank Allison,69,11
Hank Autry,29,0
Hank Bullough,19,7
Hank Critchfield,9,9
Hank Fraley,163,140
Hank Goebel,3,3
Hank Reese,57,0
Hank Smith,31,28
Harland Gunn,25,2
Harley Dow,12,0
Harley Sewell,127,63
Harold Akin,13,0
Harold Bradley,49,9
Harold Ely,21,0
Harold Hall,1,0
Harold Olson,70,0
Harold Paul,1,0
Harper LeBel,68,2
Harris Barton,157,153
Harris Jones,27,11
Harry Boatswain,81,21
Harry Collins,11,10
Harry Crider,2,0
Harry Field,11,0
Harry Galbreath,152,142
Harry Gunderson,9,6
Harry McGee,12,5
Harry Mehre,11,10
Harry Newland,1,1
Harry Schuh,149,98
Harry Swayne,160,123
Harry Thompson,72,7
Harry Ulinski,72,3
Harvey Dahl,108,102
Harvey Goodman,14,0
Harvey Salem,142,120
Hayden Howerton,6,0
Hayworth Hicks,12,0
Heath Irwin,93,30
Heath Wingate,3,0
Hec Garvey,10,8
Henry Adams,2,0
Henry Byrd,3,0
Henry Gude,2,0
Henry Krause,35,0
Henry Lawrence,207,161
Henry Sheppard,83,63
Herb Dobbins,3,0
Herb Ellis,12,0
Herb Eschbach,9,5
Herb Hannah,12,0
Herb Rapp,17,10
Herb Roedel,14,0
Herb Siegert,24,0
Herb Stein,53,45
Herb Taylor,33,8
Herbert Scott,160,129
Herman Arvie,64,4
Herman Clark,52,7
Herman Hickman,10,0
Herman Johnson,8,0
Herman Lee,128,74
Herschel Forester,51,3
Herschel Turner,27,3
Hessley Hempstead,33,1
Hi Brigham,2,2
Hicham El Mashtoub,3,0
Hjalte Froholdt,60,28
Hobby Kinderdine,72,71
Hogan Wharton,52,3
Homer Elias,98,89
Homer Hobbs,11,0
Hoot Haines,18,6
Hoss Johnson,1,0
Houston Hoover,100,90
Howard Ballard,186,168
Howard Duncan,2,0
Howard Fest,130,110
Howard Glenn,2,0
Howard Hood,0,0
Howard Keys,42,0
Howard Kiley,7,7
Howard Kindig,24,12
Howard Mudd,106,70
Howard Richards,76,20
Howie Brown,12,0
Hroniss Grasu,53,24
Hugh Blacklock,11,11
Hugh Lowery,6,5
Hugh Thornton,45,38
Hunk Anderson,22,20
Ian Allen,25,11
Ian Beckles,126,121
Ian Rafferty,5,0
Ian Silberman,18,6
Ike Boettger,53,23
Ike Kakela,1,0
Ikem Ekwonu,40,39
Ilm Manning,3,0
Ira Gordon,62,28
Irv Eatman,152,120
Irv Goode,167,119
Irvin Pankey,159,130
Isaac Alarcon,7,1
Isaac Asiata,10,2
Isaac Davis,77,48
Isaac Seumalo,122,94
Isaac Snell,0,0
Isaac Sowells,21,0
Isaac Weaver,0,0
Isaiah Battle,8,1
Isaiah Prince,36,13
Isaiah Williams,13,1
Isaiah Wilson,1,0
Isaiah Wynn,61,56
Isame Faciane,4,1
J C Hassenauer,62,9
J D DiRenzo,6,0
J D Maarleveld,25,3
J D Walton,80,69
J J Dielman,5,0
J P Darche,82,0
J P Machado,72,15
J R Conrad,12,1
J R Sweezy,150,136
J R Williamson,14,1
J T Taylor,57,57
J T Turner,105,89
JC Tretter,67,67
JP Flynn,6,1
Jab Murray,28,27
Jack Allen,5,0
Jack Brown,13,0
Jack Campbell,1,0
Jack Conklin,114,114
Jack Cornell,4,0
Jack Davis,4,0
Jack Depler,6,5
Jack Driscoll,66,23
Jack Finlay,35,2
Jack Frantz,2,0
Jack Haden,11,0
Jack Halliday,12,0
Jack Haman,21,0
Jack Heldt,7,7
Jack Houser,69,26
Jack Jennings,91,8
Jack Klotz,52,0
Jack Linn,17,10
Jack Little,21,3
Jack Mackenroth,2,0
Jack Martin,36,1
Jack May,8,0
Jack McArthur,109,67
Jack Mewhort,60,60
Jack Nason,2,1
Jack Oliver,3,3
Jack Peavey,3,1
Jack Porter,1,0
Jack Pyburn,23,0
Jack Riley,12,0
Jack Robinson,16,0
Jack Rudnay,179,172
Jack Sachse,3,0
Jack Sims,3,2
Jack Sommers,8,0
Jack Spinks,35,5
Jack Stone,42,0
Jack Stroud,139,39
Jack Torrance,15,0
Jack Underwood,18,12
Jack Wiley,11,0
Jackie Slater,277,224
Jackson Barton,23,3
Jackson Carman,37,13
Jacob Bell,120,111
Jacob Bender,6,1
Jacob Capra,3,0
Jacob Flores,0,0
Jacob Rogers,2,0
Jacques McClendon,44,11
Jaelyn Duncan,12,5
Jah Reid,87,28
Jahri Evans,225,220
Jaimie Thomas,11,2
Jake Andrews,19,2
Jake Brendel,96,53
Jake Campos,4,0
Jake Colhouer,12,0
Jake Curhan,40,17
Jake Eldrenkamp,17,3
Jake Fisher,61,20
Jake Grove,72,61
Jake Hanson,25,8
Jake Kupp,151,139
Jake Long,123,118
Jake Matthews,189,189
Jake Mintun,43,37
Jake Rodgers,34,4
Jake Scott,156,153
Jake Stahl,4,4
Jake Williams,11,0
Jalen Mayfield,27,18
Jalen McKenzie,6,0
Jamaal Jackson,101,84
Jamain Stephens,40,15
Jamal Powell,0,0
Jamar McGloster,2,0
Jamar Nesbit,162,96
Jamarco Jones,43,13
Jamaree Salyer,40,35
James Brewer,38,9
James Brown,13,5
James Broyles,0,0
James Campen,67,50
James Carpenter,158,146
James Daniels,99,91
James Dexter,51,35
James Empey,5,0
James Ferentz,91,18
James FitzPatrick,66,19
James Harvey,4,3
James Hudson,56,22
James Hurst,179,113
James Lee,35,13
James Marten,8,1
James Murray,17,2
James O Williams,131,130
James Parrish,24,1
James Stone,37,15
James Tunstall,3,0
Jamey Richard,62,16
Jamie Brown,39,9
Jamie Dukes,126,105
Jamie Nails,80,52
Jamie Wilson,5,0
Jamil Demby,13,5
Jamil Douglas,75,16
Jammal Brown,98,96
Jamon Brown,79,65
Jamon Meredith,146,56
Jap Douds,24,20
Jared Gaither,78,49
Jared Hocker,3,0
Jared Peck,1,0
Jared Veldheer,156,144
Jarell Broxton,3,0
Jarrett Patterson,9,7
Jarrid Williams,2,0
Jarriel King,4,0
Jarrod Pughsley,11,2
Jarrod Shaw,4,1
Jarron Jones,7,0
Jarvis Borum,1,1
Jarvis Harrison,4,0
Jaryd Jones Smith,17,1
Jason Andersen,26,0
Jason Ball,27,23
Jason Brown,118,109
Jason Capizzi,0,0
Jason Childs,0,0
Jason Fabini,165,137
Jason Fox,54,22
Jason Hilliard,2,0
Jason Johnson,31,0
Jason Kelce,231,229
Jason King,4,0
Jason Layman,65,16
Jason Mathews,154,47
Jason McEndoo,1,0
Jason Odom,48,43
Jason Peters,271,248
Jason Pinkston,34,31
Jason Poe,6,1
Jason Smith,59,37
Jason Spitz,98,55
Jason Spriggs,77,14
Jason Starkey,34,9
Jason Thomas,14,0
Jason Weaver,4,0
Jason Whittle,146,45
Jason Winrow,0,0
Javarius Leamon,3,0
Javiar Collins,10,4
Javon Patterson,4,0
Jawaan Taylor,98,98
Jaxson Kirkland,3,1
Jay Bachman,45,1
Jay Douglas,28,0
Jay Hagood,2,0
Jay Hilgenberg,200,164
Jay Humphrey,0,0
Jay Leeuwenburg,140,111
Jay MacDowell,37,0
Jay Pennison,76,72
Jay Rhodemyre,45,6
Jaylon Thomas,4,0
Jean Barrett,93,42
Jean Delance,2,0
Jeb Terry,31,1
Jed DeVries,2,0
Jedrick Wills,60,60
Jeff Adams,15,6
Jeff Allen,109,84
Jeff Baca,12,1
Jeff Backus,206,206
Jeff Blackshear,129,96
Jeff Bleamer,32,2
Jeff Bostic,202,167
Jeff Bregel,21,3
Jeff Buckey,46,14
Jeff Byers,35,8
Jeff Christy,160,150
Jeff Criswell,174,148
Jeff Curchin,27,5
Jeff Davidson,46,32
Jeff Dellenbach,231,119
Jeff Faine,137,136
Jeff Grau,11,0
Jeff Hart,99,57
Jeff Hartings,174,172
Jeff Hatch,4,4
Jeff Jones,8,0
Jeff Kiewel,28,9
Jeff Kysar,1,0
Jeff Lucas,3,3
Jeff Mickel,1,0
Jeff Mitchell,130,129
Jeff Novak,39,15
Jeff Oliver,1,0
Jeff Otah,38,37
Jeff Pahukoa,59,10
Jeff Richardson,27,0
Jeff Roehl,12,2
Jeff Saturday,242,231
Jeff Sevy,74,33
Jeff Toews,78,18
Jeff Uhlenhake,123,116
Jeff Van Note,250,229
Jeff Walker,30,0
Jeff Wenzel,3,3
Jeff Weston,23,11
Jeff Williams,57,43
Jeff Winans,12,12
Jeff Wiska,4,3
Jeff Zimmerman,34,2
Jeffrey Linkenbach,2,0
Jeno James,98,71
Jerald Hawkins,30,1
Jeremiah Kolone,19,7
Jeremiah Poutasi,27,13
Jeremiah Sirles,61,24
Jeremiah Warren,7,2
Jeremy Bridges,134,61
Jeremy McKinney,21,13
Jeremy Newberry,129,114
Jeremy Parquet,7,0
Jeremy Trueblood,135,110
Jeremy Vujnovich,38,23
Jeremy Zuttah,163,142
Jermaine Eluemunor,109,56
Jermane Mayberry,134,114
Jermey Parnell,144,83
Jermon Bushrod,191,163
Jerome Carvin,3,0
Jerome Daniels,8,5
Jeromey Clary,131,121
Jerrell Franklin,3,3
Jerry Baker,6,0
Jerry Cornelison,71,1
Jerry Crafts,57,13
Jerry DeLucca,60,1
Jerry Diorio,2,0
Jerry Doerger,10,0
Jerry Dowd,7,0
Jerry Fontenot,246,199
Jerry Fowler,4,0
Jerry Gantt,6,0
Jerry Houghton,14,0
Jerry Huth,77,14
Jerry Jones,45,22
Jerry Kramer,139,103
Jerry Leahy,2,0
Jerry Ostroski,111,107
Jerry Quaerna,3,3
Jerry Quick,1,0
Jerry Reynolds,26,2
Jerry Scanlan,6,0
Jerry Sisemore,163,162
Jerry Sturm,144,48
Jerry Ugokwe,3,0
Jerry Watford,24,2
Jerry Wisne,11,1
Jerry Wunsch,120,55
Jess Eberdt,4,1
Jess Quatse,13,0
Jess Tinsley,11,0
Jesse Davis,112,85
Jesse Sapolu,205,173
Jim Angelo,1,0
Jim Arneson,35,3
Jim Barton,42,0
Jim Battle,6,0
Jim Boeke,122,45
Jim Boudreaux,12,0
Jim Bowdoin,35,20
Jim Boyle,9,3
Jim Brewington,14,0
Jim Bundren,27,10
Jim Cadile,129,112
Jim Champion,18,0
Jim Clack,130,114
Jim Clark,24,0
Jim Cooper,150,109
Jim Copeland,87,10
Jim Cordle,47,8
Jim Covert,122,121
Jim Cullom,2,0
Jim Dombrowski,155,141
Jim Dufft,4,2
Jim Eidson,9,0
Jim Ferguson,16,4
Jim Fitzgerald,19,12
Jim Fritzsche,15,0
Jim Gilmore,5,2
Jim Hannula,15,0
Jim Harlan,14,2
Jim Harvey,86,45
Jim Hendley,3,3
Jim Higgins,7,0
Jim Hobbins,3,3
Jim Hough,114,77
Jim Huddleston,2,2
Jim Hunnicutt,2,0
Jim Jones,0,0
Jim Juriga,47,45
Jim Kane,4,2
Jim Lachey,154,151
Jim Langer,163,118
Jim Lansford,12,4
Jim LeMoine,15,1
Jim Leonard,105,20
Jim Little,2,0
Jim Luscinski,8,0
Jim MacMurdo,11,0
Jim Magee,29,0
Jim McCanless,1,0
Jim McCusker,83,4
Jim Meyer,2,0
Jim Mills,2,0
Jim Molinaro,16,0
Jim Montgomery,11,0
Jim Newton,3,0
Jim Nicholson,72,62
Jim Norman,9,0
Jim Otto,223,125
Jim Parker,139,78
Jim Perkins,42,0
Jim Pietrzak,126,9
Jim Pyne,82,74
Jim Raiff,3,0
Jim Ray Smith,96,17
Jim Reid,6,0
Jim Reilly,27,16
Jim Ringo,191,119
Jim Ritcher,238,180
Jim Romano,60,43
Jim Rourke,79,25
Jim Salsbury,47,28
Jim Schmedding,24,11
Jim Schrader,117,25
Jim Simon,82,39
Jim Sivell,11,0
Jim Skaggs,100,66
Jim Snowden,99,97
Jim Staton,8,0
Jim Sweeney,236,180
Jim Thomas,6,0
Jim Tyrer,203,105
Jim Vellone,71,53
Jim Warne,3,3
Jim Waskiewicz,39,1
Jim Watson,4,0
Jim Weatherly,3,0
Jim Whatley,22,0
Jim Wilson,46,1
Jimmy Herndon,55,11
Jimmy Moore,4,1
Jimmy Morrissey,23,6
Joaquin Gonzalez,47,14
Joe Amstutz,11,0
Joe Andruzzi,132,112
Joe Avezzano,3,0
Joe Barksdale,141,95
Joe Berger,184,104
Joe Bob Isbell,45,13
Joe Bock,4,0
Joe Bostic,133,116
Joe Burch,0,0
Joe Burks,9,8
Joe Carollo,152,112
Joe Cerne,45,0
Joe Cocozzo,81,52
Joe Conwell,28,21
Joe Coomer,10,0
Joe Dahl,59,27
Joe DeLamielleure,188,178
Joe Devlin,197,185
Joe Domnanovich,67,0
Joe Ethridge,12,0
Joe Felton,2,2
Joe Goebel,2,0
Joe Haeg,105,50
Joe Hawley,124,69
Joe Iorio,0,0
Joe Jacoby,191,167
Joe Koons,6,0
Joe Kopcha,14,1
Joe Kresky,9,0
Joe Kurth,13,0
Joe Long,3,0
Joe Looney,135,55
Joe Maese,63,0
Joe Maras,14,0
Joe McLain,6,4
Joe Milinichik,96,63
Joe Mills,25,15
Joe Mulbarger,6,5
Joe Murphy,7,7
Joe Murray,3,3
Joe Noteboom,43,16
Joe Panos,85,58
Joe Patton,61,54
Joe Ratica,7,0
Joe Rudolph,11,1
Joe Sabasteanski,12,0
Joe Scibelli,208,178
Joe Sculthorpe,3,0
Joe Secord,2,2
Joe Shearin,43,2
Joe Signaigo,12,0
Joe Silipo,1,1
Joe Sims,44,24
Joe Skibinski,37,15
Joe Soboleski,18,0
Joe Spencer,24,0
Joe Staley,231,231
Joe Staysniak,74,36
Joe Taffoni,83,38
Joe Tippmann,20,16
Joe Tofflemire,33,16
Joe Tyrrell,2,0
Joe Valerio,69,4
Joe Walter,156,126
Joe Wellborn,7,0
Joe Wendryhoski,59,41
Joe Windbiel,5,5
Joe Winkler,8,0
Joe Wolf,94,60
Joe Wong,2,0
Joe Wostoupal,41,38
Joe Zeno,3,0
Joel Bitonio,165,165
Joel Crisman,9,0
Joel Hilgenberg,146,101
Joel Patten,58,27
Joey Banes,1,0
Joey Fisher,3,0
Joey Howard,9,2
Joey Hunt,60,17
Johan Asiata,6,0
John Adickes,25,0
John Aimonetti,0,0
John Alt,189,158
John Ambrose,5,1
John Arp,2,1
John Ayers,167,147
John Badaczewski,47,0
John Bauer,2,0
John Bock,58,18
John Boynton,14,2
John Bruhin,49,21
John Buddenberg,0,0
John Bunyan,16,14
John Burleson,1,0
John Cadwell,4,0
John Cenci,7,1
John Choma,30,0
John Clowes,23,0
John Cowne,3,0
John Demarie,139,115
John Denvir,11,0
John Didion,80,56
John Dittrich,47,2
John Dooley,18,17
John Elmore,0,0
John Estes,5,0
John Farris,28,0
John Fina,167,139
John Fitzgerald,156,122
John Flannery,83,47
John Frongillo,55,0
John Fullington,8,0
John Gabler,1,0
John Gerak,66,36
John Gesek,131,102
John Gibney,0,0
John Goldsberry,11,0
John Gonzaga,131,48
John Gordy,136,94
John Greco,169,99
John Hannah,190,190
John Hicks,52,50
John Hill,178,147
John Hock,58,20
John Hohman,24,0
John Hudson,147,0
John Hunt,3,1
John Hunter,26,6
John Janata,15,0
John Jerry,167,129
John Keenoy,3,0
John Kling,3,1
John Leglue,22,6
John Lomakoski,3,0
John Lott,1,0
John Macaulay,3,0
John Macerelli,13,0
John Madigan,15,15
John Magee,92,6
John Malecki,5,0
John Mastrangelo,11,0
John Matlock,59,5
John McDowell,28,0
John McGarry,2,1
John McMullan,28,0
John Mellus,12,0
John Michael Schmitz,15,15
John Michels,27,14
John Miller,105,100
John Moffitt,29,20
John Molchon,8,0
John Mooring,53,3
John Morrow,129,71
John Nesser,1,0
John Niland,153,138
John Nisby,103,46
John Nolan,24,0
John Ojukwu,4,3
John Pentecost,4,0
John Ray,2,0
John Reynolds,5,0
John Rienstra,67,50
John Rogers,1,0
John Roman,97,12
John Sanchez,35,0
John Sandusky,88,12
John Scardina,3,3
John Schiechl,46,0
John Schmidt,1,0
John Schmitt,133,102
John Schuhmacher,72,51
John Schweder,71,17
John Scully,113,82
John Shinners,99,42
John Simerson,47,3
John Sinnott,9,7
John Sokolosky,11,0
John St Clair,146,87
John Stadnik,3,3
John Steber,12,0
John Sullivan,184,152
John Sutro,5,0
John Synhorst,2,2
John Tait,157,148
John Tautolo,10,5
John Theus,11,2
John Thomas,3,3
John Tosi,8,0
John Treadaway,12,0
John Urschel,49,19
John Vella,102,57
John Wade,141,118
John Wager,22,6
John Ward,51,20
John Watson,98,51
John Weaver,12,0
John Welbourn,113,105
John Wetzel,62,31
John Wilbur,109,76
John Wittenborn,125,5
John Wojciechowski,95,40
John Wooten,139,86
John Wozniak,36,4
John Yarno,74,62
Johnathan Ingram,4,0
Johnnie Troutman,39,29
Johnny Allen,48,2
Johnny Dell Isola,43,2
Johnny Miller,6,0
Johnny Rapacz,56,4
Johnny Ward,26,26
Johnny Wiatrak,1,0
Jon Asamoah,96,71
Jon Borchardt,133,55
Jon Carman,12,2
Jon Clark,12,0
Jon Cooper,24,5
Jon Dietzen,0,0
Jon Dorenbos,38,0
Jon Feliciano,147,80
Jon Giesler,138,116
Jon Gilliam,79,6
Jon Halapio,41,30
Jon Jansen,147,133
Jon Jenkins,2,0
Jon Kolb,193,154
Jon Melander,55,32
Jon Morris,182,125
Jon Roehlk,3,3
Jon Runyan,232,216
Jon Shields,1,0
Jon Toth,15,2
Jon Zogg,1,0
Jonah Jackson,63,63
Jonah Williams,68,68
Jonas Jennings,77,77
Jonathan Compas,5,0
Jonathan Cooper,64,41
Jonathan Goodwin,235,154
Jonathan Hubbard,1,0
Jonathan Luigs,10,0
Jonathan Martin,46,40
Jonathan Ogden,186,184
Jonathan Palmer,0,0
Jonathan Scott,90,43
Jonotthan Harrison,116,54
Jordan Black,105,43
Jordan Devey,67,31
Jordan Gross,195,195
Jordan Mailata,77,68
Jordan McFadden,15,3
Jordan Meredith,25,2
Jordan Mills,136,110
Jordan Morgan,7,1
Jordan Mudge,4,0
Jordan Murray,3,1
Jordan Rigsbee,3,0
Jordan Roos,44,8
Jordan Simmons,36,12
Jordan Steckler,8,0
Jorge Diaz,65,48
Jose Portilla,23,0
Joseph Cheek,12,1
Joseph Pellegrini,54,15
Josh Andrews,69,19
Josh Ball,21,6
Josh Beekman,38,25
Josh James,3,0
Josh Kline,125,98
Josh LeRibeus,78,24
Josh Lovelady,15,0
Josh Myers,52,52
Josh Rawlings,0,0
Josh Samuda,20,0
Josh Sills,24,2
Josh Sitton,198,187
Josh Sokol,3,0
Josh Walker,35,7
Josh Warner,12,0
Josh Wells,121,32
Joshua Ezeudu,20,9
Joshua Garnett,32,13
Joshua Miles,29,6
Josue Matias,0,0
Jovaughn Gwyn,4,0
Juan Roque,18,3
Jug Earp,163,130
Juice Scruggs,12,11
Julian Good Jones,4,1
Julian Vandervelde,34,3
Julius Wilson,0,0
Jumbo Elliott,187,162
Junius Coston,22,7
Justin Blalock,154,154
Justin Boren,4,1
Justin Britt,131,130
Justin Canale,64,18
Justin Cross,44,16
Justin Geisinger,11,0
Justin Hartwig,110,105
Justin Herron,44,15
Justin McCray,100,40
Justin Murray,56,20
Justin Pugh,156,154
Justin Senior,1,0
Justin Shaffer,6,1
Justin Skule,63,16
Justin Smiley,98,86
Justin Strzelczyk,144,81
Jylan Ware,8,2
K C Jones,17,0
KC McDermott,33,2
Kadeem Edwards,15,3
Kadeem Telfort,3,0
Kahlil McKenzie,8,0
Kaleb Johnson,19,4
Kaleb McGary,83,82
Kani Kauahi,143,7
Kareem McKenzie,188,180
Karim Barton,4,0
Karl Baldischwiler,119,100
Karl Chandler,66,31
Karl Koepfer,1,0
Karl McDade,6,0
Karl Nelson,64,58
Karl Rubke,14,7
Karl Singer,39,0
Karl Swanke,84,61
Kasey Studdard,36,20
Kaulana Noa,0,0
Kayo Lunday,69,0
Keaton Sutherland,18,4
Keavon Milton,3,0
Keegan Render,3,1
Keith Alex,14,0
Keith Bosley,3,2
Keith Dorney,114,112
Keith Eck,13,1
Keith Fahnhorst,188,155
Keith Ismael,40,6
Keith Kartz,109,92
Keith Loneker,19,5
Keith Radecic,3,3
Keith Sims,159,146
Keith Uecker,86,49
Keith Van Horne,198,181
Keith Williams,6,0
Keith Wortman,97,47
Kelechi Osemele,127,127
Kellen Diesch,6,0
Kelly Butler,22,21
Kelly Saalfeld,7,0
Kelly Thomas,27,18
Kelvin Beachum,194,171
Kelvin Clark,89,25
Kelvin Davis,1,1
Kelvin Garmon,64,60
Ken Adamson,32,0
Ken Barfield,9,1
Ken Blackman,35,31
Ken Bowman,130,108
Ken Bungarda,15,0
Ken Byers,72,12
Ken Cooper,12,0
Ken Dallafior,89,59
Ken Farragut,42,4
Ken Gray,158,105
Ken Hayden,19,0
Ken Henson,4,2
Ken Huff,150,106
Ken Huxhold,60,9
Ken Iman,202,144
Ken Jackson,71,11
Ken Jones,154,137
Ken Kaplan,35,5
Ken Kirk,8,4
Ken Lanier,192,180
Ken Long,13,0
Ken Mendenhall,148,120
Ken Moyer,73,56
Ken Panfil,57,22
Ken Petersen,12,0
Ken Reeves,86,32
Ken Rice,80,6
Ken Ruettgers,163,147
Ken Russell,37,7
Kendall Gammon,119,0
Kendall Lamm,137,51
Kendall Simmons,99,97
Kendrick Green,29,25
Kendrick Rogers,0,0
Kendyl Jacox,130,93
Kenny Wiggins,105,49
Keno Hills,22,7
Kent Branstetter,9,0
Kent Hill,158,139
Kent Hull,189,188
Kent Perkins,9,0
Kenyatta Jones,21,13
Kenyatta Walker,80,78
Kenyon Green,19,16
Kerlin Blaise,40,6
Kerry Jenkins,103,80
Kevin Allen,16,4
Kevin Barry,63,8
Kevin Belcher,34,18
Kevin Boothe,146,79
Kevin Bowen,1,0
Kevin Breedlove,1,0
Kevin Brothen,0,0
Kevin Call,131,88
Kevin Dogins,52,17
Kevin Donnalley,207,153
Kevin Dotson,62,48
Kevin Farkas,0,0
Kevin Glover,197,181
Kevin Gogan,227,189
Kevin Graf,6,0
Kevin Haslam,18,3
Kevin Haverdink,42,28
Kevin Hughes,7,0
Kevin Hunt,75,22
Kevin Jarvis,3,0
Kevin Kowalski,15,2
Kevin Lamar,1,1
Kevin Long,68,40
Kevin Matthews,32,5
Kevin Mawae,253,250
Kevin Meuth,3,1
Kevin Murphy,4,1
Kevin Pamphile,73,46
Kevin Reach,3,3
Kevin Robbins,8,4
Kevin Sampson,16,7
Kevin Sargent,73,63
Kevin Shaffer,148,99
Kevin Simons,1,0
Kevin Webster,3,3
Kevin Zeitler,215,214
Keydrick Vincent,117,94
Khaled Holmes,26,18
Khalif Barnes,189,142
Ki Aldrich,75,1
Kilian Zierer,2,0
King Dunlap,127,85
Kion Smith,18,1
Kipp Vickers,83,28
Kirk Barton,20,0
Kirk Chambers,86,18
Kirk Lowdermilk,189,161
Kirk Scrafford,109,58
Kline Gilbert,61,12
Knox Ramsey,55,0
Koda Martin,7,1
Kody Russey,4,1
Kofi Amichia,12,2
Kolton Miller,96,94
Konrad Dean,0,0
Korey Cunningham,41,6
Korey Stringer,102,100
Korren Kirven,4,0
Kory Lichtensteiger,122,95
Kraig Urbik,132,81
Kris Dielman,137,119
Kris Farris,3,1
Kristjan Sokoli,4,0
Kurt Becker,103,37
Kurt Petersen,93,72
Kurt Quarterman,0,0
Kurt Schumacher,45,20
Kurt Vollers,30,12
Kwame Harris,89,58
Kyle Cook,98,87
Kyle Davis,24,0
Kyle DeVan,56,33
Kyle Friend,10,1
Kyle Hinton,27,4
Kyle Kalis,16,5
Kyle Kosier,160,135
Kyle Long,92,90
Kyle Murphy,20,9
Kyle Steuck,3,0
Kyle Turley,112,110
Kyle Williams,14,3
Kyler Kerbyson,3,0
Kynan Forney,106,94
L J Shelton,152,131
LaAdrian Waddle,94,45
Lachavious Simmons,9,3
Laken Tomlinson,174,161
Lamar Holmes,31,25
Lamar Mady,11,0
Lamont Burns,4,3
Lamont Gaillard,20,4
Lance Louis,88,58
Lance Nimmo,0,0
Lance Olssen,9,0
Lance Poimboeuf,1,0
Lance Scott,33,28
Lance Smith,182,165
Lance Zeno,30,0
Landon Dickerson,55,54
Landon Turner,18,2
Landon Young,42,8
Lane Howell,92,57
Lane Johnson,175,170
Lane Taylor,117,70
Langston Walker,134,92
Laremy Tunsil,124,123
Larnel Coleman,7,3
Larron Jackson,83,72
Larry Allen,213,207
Larry Baker,2,0
Larry Borom,47,28
Larry Conover,24,24
Larry Coombs,1,0
Larry Critchfield,11,0
Larry Gagner,59,53
Larry Harris,0,0
Larry Hartshorn,4,0
Larry Kaminski,96,58
Larry Lauer,19,0
Larry Lee,114,30
Larry Little,195,168
Larry McCarren,164,155
Larry Moore,98,75
Larry Olsonoski,36,0
Larry Petty,2,0
Larry Rubens,43,0
Larry Siemering,14,0
Larry Steinbach,12,10
Larry Strickland,72,15
Larry Tearry,25,22
Larry Tharpe,77,49
Larry Turner,29,1
Larry Walbridge,2,0
Larry Warford,128,126
Laurence Gibson,6,0
Laurent Duvernay Tardif,95,83
Laurie Niemi,44,0
Lawrence Smith,16,8
LeCharles Bentley,57,57
LeFrancis Arnold,2,0
Leander Jordan,37,14
Lecitus Smith,16,2
Lee Bernet,28,0
Lee Getz,3,0
Lee Gross,48,0
Lee Nystrom,13,1
Lee Presley,8,0
Lee Ziemba,9,0
Leif Strand,6,6
Leka Uhatafe,3,0
Lemuel Jeanpierre,95,15
Len Dugan,27,0
Len Gotshalk,66,41
Len Grant,26,10
Len Hauss,203,196
Len Johnson,3,0
Len McGirl,3,0
Len Rohde,213,173
Len St Jean,140,96
Len Szafaryn,64,13
Len Teeuws,73,3
Len Younce,22,1
Lennie Friedman,109,35
Leo Biedermann,16,0
Leo Goeas,112,81
Leo Koloamatangi,12,3
Leo McCausland,4,1
Leo Nobile,12,0
Leo Reed,10,0
Leo Tierney,14,0
Leon Donohue,87,69
Leon Gray,147,128
Leon Hires,0,0
Leon Manley,24,0
Leon McLaughlin,63,21
Leon Searcy,141,125
Leon Wintner,2,0
Leonard Burton,63,9
Leonard Davis,191,168
Leonard Mitchell,64,55
Leonard Wester,36,4
Leotis Harris,76,56
Leroy Harris,100,57
Leroy Watson,11,0
Les Gatewood,23,0
Les Lear,11,0
Les Olsson,12,0
Les Scott,6,6
Les Studdard,15,2
Lester Caywood,66,32
Lester Cotton,46,19
Lester Holmes,104,96
Levert Carr,55,36
Levi Brown,113,111
Levi Horn,4,0
Levi Jones,108,102
Lew Reeve,3,2
Lewis Kelly,18,5
Lewis Kidd,19,3
Liam Eichenberg,49,43
Liam Ryan,1,0
Limbo Parks,3,0
Lin Houston,52,2
Lincoln Kennedy,177,148
Lindsay Knapp,14,0
Lindsey Mason,61,12
Link Lyman,36,23
Lionel Antoine,68,39
Lloyd Baxter,11,0
Lloyd Burdick,10,0
Lloyd Cushenberry,62,62
Lloyd McCoy,1,0
Lloyd McDermott,36,0
Logan Bruss,5,4
Logan Mankins,195,195
Logan Stenberg,33,6
Lomas Brown,276,261
Lon Evans,11,0
Lonie Paxton,48,0
Lonnie Palelei,45,26
Lou Allen,24,0
Lou Creekmur,125,50
Lou DeFilippo,38,0
Lou Gordon,34,8
Lou Groza,228,16
Lou Karras,26,1
Lou Kirouac,52,5
Lou Lubratovich,10,0
Lou Mark,39,0
Lou Palatella,46,6
Lou Palazzi,21,0
Lou Reichel,7,7
Lou Rymkus,26,1
Lou Tsoutsouvas,5,0
Lou Usher,68,50
Louis Age,6,0
Louis Bullard,35,15
Louis Cheek,52,12
Louis Kolls,42,34
Louis Oubre,40,31
Louis Vasquez,133,132
Louis Williams,2,0
Loyal Robb,1,0
Lucas Crowley,2,0
Lucas Niang,46,12
Lucas Nix,22,13
Lucas Patrick,118,66
Lucien Reeberg,14,8
Lud Wray,17,17
Luis Sharpe,190,190
Lukayus McNeil,3,0
Luke Bowanko,62,22
Luke Fortner,41,41
Luke Goedeke,37,33
Luke Haggard,2,0
Luke Joeckel,65,65
Luke Juriga,14,0
Luke Lindon,10,0
Luke Petitgout,122,115
Luke Tenuta,7,1
Luke Wattenberg,29,5
Luke Wypler,9,1
Lum Snyder,59,12
Lydon Murtha,15,4
Lyle Graham,11,0
Lyle Sendlein,174,158
Lynn Boden,67,46
Lynn Hoyem,84,18
Lynn Larson,1,0
Lynn Lynch,3,0
Mac Lewis,12,0
Mackenzy Bernadeau,138,65
Makoa Freitas,32,6
Mal Snider,84,70
Malaesala Aumavae Laulu,3,1
Malcolm Carson,1,0
Malcolm Pridgeon,7,1
Malcolm Walker,63,34
Mansfield Wrotto,58,24
Marc Colombo,131,110
Marc Dile,4,1
Marc Raab,3,0
Marco Rivera,166,149
Marcus Applefield,4,0
Marcus Cannon,161,104
Marcus Gilbert,127,122
Marcus Jenkins,0,0
Marcus Martin,42,28
Marcus McKethan,17,5
Marcus McNeill,92,92
Marcus Price,77,10
Marico Portis,1,0
Mario Gianelli,35,0
Mario Henderson,53,35
Marion Ashmore,9,9
Mark Adickes,82,50
Mark Asper,19,0
Mark Baniewicz,0,0
Mark Behning,16,1
Mark Boggs,1,0
Mark Bortz,184,167
Mark Cannon,95,51
Mark Carlson,3,3
Mark Catano,19,0
Mark Cochran,3,3
Mark Cooper,91,23
Mark Dennard,97,68
Mark Dennis,129,71
Mark Dixon,66,64
Mark Donahue,31,5
Mark Ellison,28,5
Mark Fischer,23,16
Mark Glowinski,154,117
Mark Goodspeed,3,0
Mark Hanson,1,0
Mark Hatfield,0,0
Mark Jenkins,0,0
Mark Kirchner,40,8
Mark Koncar,58,51
Mark Krerowicz,3,3
Mark LeVoir,64,15
Mark MacDonald,53,4
Mark Markovich,41,4
Mark May,173,154
Mark Meseroll,16,0
Mark Nelson,1,0
Mark Nordquist,112,79
Mark Nori,0,0
Mark Rodenhauser,175,3
Mark Schlereth,171,155
Mark Setterstrom,21,13
Mark Shumate,16,0
Mark Shupe,2,1
Mark Slater,87,0
Mark Staten,0,0
Mark Stepnoski,202,190
Mark Stevenson,2,0
Mark Tauscher,150,148
Mark Traynowicz,61,0
Mark Tucker,16,3
Mark Tuinei,185,162
Mark Vander Poel,23,1
Mark Wilson,2,1
Marko Cavka,0,0
Markus Zusevics,1,0
Marques McFadden,4,0
Marques Ogden,0,0
Marques Sullivan,32,22
Marquis Hayes,4,1
Marquis Lucas,7,1
Marshal Yanda,214,200
Marshall Newhouse,176,105
Marshall Robnett,13,0
Marsharne Graves,5,3
Martin Bibla,33,2
Martin Cornelson,3,0
Martin Ruby,12,0
Martin Wallace,8,1
Martinas Rankin,33,13
Marty Conrad,22,20
Marty Peterson,0,0
Marty Zoll,1,0
Marv Berschet,16,2
Marv Jonas,2,0
Marv Marinovich,1,0
Marv McFadden,24,8
Marv Montgomery,93,61
Marvel Smith,125,122
Marvin Philip,0,0
Marvin Terrell,34,1
Mason Brooks,3,0
Mason Cole,110,86
Mason Gentry,2,0
Mathias Nkwenti,2,0
Matt Birk,238,212
Matt Campbell,72,63
Matt Darwin,62,53
Matt Elliott,67,36
Matt Farniok,29,8
Matt Feiler,112,90
Matt Gono,32,11
Matt Hanousek,3,3
Matt Hennessy,44,24
Matt Herkenhoff,125,122
Matt Hernandez,22,1
Matt Hill,28,2
Matt Joyce,124,71
Matt Kalil,105,105
Matt Kaskey,6,2
Matt Knutson,0,0
Matt Kopa,3,0
Matt Lehr,111,54
Matt Lepsis,158,138
Matt Light,183,181
Matt Long,3,3
Matt Martin,2,0
Matt McCants,47,5
Matt Miller,42,0
Matt Moran,0,0
Matt Morgan,1,0
Matt Nelson,55,19
Matt Paradis,115,115
Matt Peart,50,10
Matt Pryor,93,34
Matt Reem,0,0
Matt Rotheram,1,0
Matt Skura,98,86
Matt Slauson,149,143
Matt Stinchcomb,71,36
Matt Tennant,65,4
Matt Tobin,82,28
Matt Ulrich,11,0
Matt Waletzko,8,2
Matt Willig,158,43
Matthew Bergeron,18,18
Maurice Harper,36,0
Maurice Hurt,29,12
Maurkice Pouncey,165,161
Maurquice Shakir,8,1
Maury Bodenger,11,0
Maury Nipp,25,5
Max Garcia,147,79
Max Jean Gilles,53,34
Max Lane,107,76
Max Mitchell,27,17
Max Montoya,224,198
Max Pircher,4,0
Max Reed,34,31
Max Scharping,96,47
Max Starks,152,115
Max Tuerk,8,2
Max Unger,175,173
Maxie Williams,84,49
McClendon Curtis,4,0
Mekhi Becton,37,34
Mel Doherty,4,4
Mel Hein,156,27
Mel Holmes,29,1
Melvin Fowler,94,63
Melvin Hayes,5,0
Melvin Jackson,64,34
Melvin Tuten,69,17
Menelik Watson,46,35
Menil Mavraides,24,2
Merle Hunter,3,0
Merle Zuver,10,5
Merv Pregulman,47,0
Michael Batiste,8,0
Michael Bowie,14,9
Michael Brewster,34,12
Michael Cheever,19,6
Michael Daum,0,0
Michael Deiter,87,43
Michael Dunn,54,15
Michael Durrette,12,3
Michael Early,0,0
Michael Harris,2,2
Michael Keathley,44,6
Michael Liedtke,21,2
Michael Niese,6,0
Michael Oher,146,146
Michael Ola,73,33
Michael Roos,177,177
Michael Schofield,145,102
Michael Thompson,12,4
Michael Toudouze,24,2
Michal Menet,5,0
Mick Tingelhoff,259,244
Mickey Erickson,40,24
Mickey Marvin,133,119
Mickey Murtagh,65,39
Mickey Parks,24,0
Mike Alford,25,0
Mike Ariey,1,0
Mike Arthur,68,39
Mike Askea,4,0
Mike Baab,155,145
Mike Basrak,15,0
Mike Bedosky,0,0
Mike Black,3,2
Mike Brennan,27,0
Mike Brisiel,100,93
Mike Caliendo,18,0
Mike Chapman,4,0
Mike Collins,0,0
Mike Compton,157,125
Mike Connelly,123,63
Mike Cook,0,0
Mike Current,175,166
Mike Devlin,108,27
Mike Doughty,0,0
Mike Estep,6,0
Mike Falls,25,17
Mike Flanagan,127,91
Mike Flynn,142,123
Mike Freeman,35,12
Mike Gandy,120,118
Mike Garzoni,6,0
Mike Gibbons,16,6
Mike Gibson,55,14
Mike Gisler,110,7
Mike Goff,184,167
Mike Graybill,6,0
Mike Gruttadauria,84,69
Mike Haggerty,60,29
Mike Haight,70,43
Mike Halapin,9,3
Mike Hoban,1,0
Mike Horton,6,0
Mike Houghton,1,0
Mike Hudock,96,2
Mike Iupati,180,178
Mike Johnson,30,1
Mike Katolin,3,3
Mike Katrishen,12,0
Mike Keim,27,0
Mike Kenn,257,257
Mike Kiselak,16,8
Mike Koziak,1,1
Mike Kracalik,8,3
Mike LaHood,52,11
Mike Lazetich,11,0
Mike Magac,78,19
Mike Malano,0,0
Mike Mandarino,14,0
Mike McCormack,125,12
Mike McCurry,3,3
Mike McDonald,1,0
Mike McGee,36,6
Mike McGlinchey,99,99
Mike McGlynn,115,76
Mike Mcallister,3,3
Mike Mergen,12,1
Mike Michalske,26,0
Mike Montler,127,120
Mike Moody,0,0
Mike Mooney,1,0
Mike Morris,228,0
Mike Munchak,169,166
Mike Nease,2,1
Mike Newell,0,0
Mike Nichols,28,0
Mike Obrovac,29,2
Mike Oriard,43,1
Mike Pearson,40,33
Mike Perrino,3,3
Mike Person,114,61
Mike Pollak,105,60
Mike Pouncey,136,135
Mike Pucillo,48,19
Mike Pyle,122,93
Mike Rabold,105,40
Mike Remmers,144,119
Mike Richey,19,5
Mike Rockwood,0,0
Mike Rosenthal,93,59
Mike Roussos,24,0
Mike Ruether,105,8
Mike Saffer,0,0
Mike Sandusky,105,47
Mike Scarry,21,1
Mike Schad,64,57
Mike Schneck,48,0
Mike Schnitker,74,26
Mike Scully,1,0
Mike Sheldon,34,2
Mike Sikich,3,0
Mike Sikora,12,1
Mike Simmonds,5,5
Mike Sullivan,48,4
Mike Teifke,3,0
Mike Tepper,10,4
Mike Turner,1,0
Mike Utley,32,17
Mike Verstegen,22,12
Mike Wahle,164,150
Mike Watson,0,0
Mike Webster,264,230
Mike Wellman,20,0
Mike Whited,16,2
Mike Withycombe,36,5
Mike Wooten,3,0
Mike Zandofsky,118,71
Mike Zentic,3,3
Milford Brown,57,48
Milford Stephenson,0,0
Milt Carthens,1,0
Milt Graham,30,1
Milt Rehnquist,38,20
Milt Simington,11,0
Milt Sunde,158,121
Milt Vucinich,4,0
Milt Wilson,6,4
Mitch Dudek,14,0
Mitch Frerotte,68,4
Mitch Geier,0,0
Mitch Hyatt,4,1
Mitch Johnson,80,27
Mitch Morse,155,155
Mitch Petrus,71,10
Mitch White,0,0
Mitchell Schwartz,166,166
Mitchell Van Dyk,4,0
Mo Collins,76,69
Mo Moorman,77,73
Mohammed Elewonibi,28,19
Monte Clark,146,82
Monte Smith,17,0
Montrae Holland,110,65
Mookie Moore,5,1
Moose Gardner,18,16
Morgan Moses,176,165
Morgan Pears,2,0
Morris Towns,99,68
Morris Unutoa,90,0
Mose Bashaw,5,5
Moses Gray,5,0
Mule Stockton,11,0
Mule Werwaiss,8,7
Myron Cunningham,2,0
Najee Toran,3,2
Napoleon Barrel,6,4
Nash Jensen,13,5
Nat Dorsey,41,9
Nat Hudson,20,4
Nat McCombs,7,6
Nate Barragar,58,49
Nate Chandler,38,24
Nate Garner,96,22
Nate Herbig,74,34
Nate Livings,86,77
Nate Menkin,4,0
Nate Miller,13,0
Nate Newton,214,195
Nate Potter,30,7
Nate Solder,188,184
Nate Theaker,4,0
Nate Trewyn,4,0
Nate Wozniak,5,0
Nathan Hodel,48,0
Nathan Parks,2,0
Navy Tuiasosopo,3,3
Neil Mathews,5,4
Netane Muti,28,7
Nevin McCaskill,4,1
Nicholas Petit Frere,25,21
Nick Allegretti,101,19
Nick Bebout,97,66
Nick Becton,19,1
Nick Bolkovac,17,0
Nick Broeker,6,0
Nick Campofreda,3,0
Nick Chickillo,12,2
Nick Cole,90,36
Nick DeCarbo,11,0
Nick DeFelice,14,0
Nick Easton,65,38
Nick Eyre,6,0
Nick Farina,1,0
Nick Feher,43,4
Nick Ford,4,1
Nick Gates,71,47
Nick Haden,8,6
Nick Hardwick,165,165
Nick Hennessey,4,0
Nick Kaczur,81,74
Nick Lassa,8,8
Nick Leckey,78,37
Nick Leverett,25,13
Nick Mangold,195,194
Nick Martin,99,75
Nick McDonald,38,11
Nick McInerney,65,53
Nick Mihlhauser,0,0
Nick Nighswander,8,0
Nick Saldiveri,7,1
Nick Skorich,12,0
Nick Steitz,0,0
Nick Subis,18,0
Nick Zakelj,15,1
Nico Falah,4,0
Nico Siragusa,5,1
Noah Jackson,133,129
Noel LaMontagne,2,0
Nolan Laufenberg,5,0
Norberto Davidds Garrido,70,43
Norm Amundsen,12,1
Norm Cooper,20,0
Norm Evans,199,158
Norm Harvey,55,35
Norm Katnik,5,2
Norm Masters,107,51
Norm Olsen,10,0
Norman Davis,40,0
Norman Price,3,0
Obinna Eze,6,0
Octus Polk,0,0
Oday Aboushi,115,61
Ojay Larson,63,59
Oli Udoh,5,0
Olin Kreutz,214,206
Oliver Ross,95,55
Ollie Spencer,100,49
Omar Smith,12,0
Oni Omoile,10,3
Oniel Cousins,97,26
Ookie Miller,50,11
Orian Rice,2,0
Orien Crow,2,0
Orlando Bobo,41,1
Orlando Brown,122,116
Orlando Ferrante,30,1
Orlando Franklin,113,112
Orlando Pace,184,180
Orrin Olsen,14,0
Orrin Thompson,0,0
Orville Tuttle,12,1
Oscar Wolford,6,5
Otis Hudson,0,0
Owen Floyd,3,3
Ox Emerson,35,0
P J Alexander,21,4
Pace Murphy,14,1
Pahl Davis,5,2
Palmer Pyle,62,8
Parker Ehinger,21,10
Pat Donovan,149,119
Pat Downey,0,0
Pat Dunnigan,20,19
Pat Elflein,83,79
Pat Harlow,106,95
Pat Harrison,3,0
Pat Howell,78,22
Pat Killorin,5,0
Pat Matson,134,100
Pat McQuistan,101,16
Pat Murray,4,1
Pat Ross,4,0
Pat Saindon,11,4
Pat Shea,42,2
Pat Snyder,3,0
Pat Tomberlin,18,10
Patrick Brown,36,5
Patrick Cain,3,2
Patrick Estes,9,0
Patrick Lewis,39,15
Patrick Mannelly,110,0
Patrick Mekari,87,44
Patrick Morris,9,1
Patrick Omameh,122,73
Patrick Venzke,0,0
Paul Adams,6,0
Paul Blair,27,2
Paul Cornick,16,7
Paul Costa,48,38
Paul Cuba,9,0
Paul Dickson,10,8
Paul Dufault,1,0
Paul Fairchild,88,39
Paul Fanaika,49,36
Paul Farren,139,98
Paul Feldhausen,2,0
Paul Fersen,4,1
Paul Gruber,185,185
Paul Howard,195,154
Paul Humphrey,11,0
Paul Hutchins,19,2
Paul Janus,5,1
Paul Jetton,32,11
Paul Kiser,1,0
Paul Laaveg,78,59
Paul Latzke,22,1
Paul Lea,9,0
Paul Lipscomb,82,0
Paul McQuistan,134,65
Paul Mitchell,24,0
Paul Oswald,10,2
Paul Rebsamen,4,1
Paul Ryczek,101,4
Paul Seiler,43,1
Paul Siever,0,0
Paul Snellings,0,0
Paul Stenn,37,1
Paul Tabor,16,0
Paul Wiggins,3,0
Paul Young,1,0
Paul Zukauskas,44,18
Pearce Slater,4,0
Penei Sewell,58,58
Perry Hartnett,12,5
Perry Jackson,10,7
Pete Adams,25,22
Pete Brock,162,94
Pete Campion,0,0
Pete Case,117,76
Pete Cole,8,0
Pete Heinlein,2,1
Pete Henry,36,34
Pete Kendall,200,198
Pete Ladygo,24,6
Pete Lougheed,0,0
Pete McCartney,3,1
Pete Nicklas,14,0
Pete Owens,5,0
Pete Perreault,88,6
Pete Pierson,107,23
Pete Richards,2,1
Pete Rostosky,37,10
Pete Swanson,3,0
Pete Tinsley,74,0
Pete Walters,3,3
Peter Bove,3,1
Peter Konz,52,33
Peter Skoronski,17,17
Petey Perot,80,41
Phil Armour,3,0
Phil Blazer,14,0
Phil Bogle,15,13
Phil Costa,39,24
Phil Dougherty,10,0
Phil Haynes,41,20
Phil LaPorta,20,7
Phil Loadholt,109,109
Phil McKinnely,80,13
Phil Olsen,13,4
Phil Ostrowski,28,0
Phil Pettey,3,3
Phil Pozderac,73,36
Phil Ragazzo,29,0
Phil Sobocinski,7,6
Phil Trautwein,12,0
Philip Blake,4,1
Phillip James,3,3
Phillipkeith Manley,4,0
Pier Olivier Lestage,3,0
Pike Johnson,8,8
Pita Elisara,0,0
Plato Andros,9,0
Pop Morrison,1,0
Potsy Jones,32,22
Prince Tega Wanogho,35,0
Proverb Jacobs,58,4
Pryor Williams,3,1
Purvis Hunt,0,0
Qasim Mitchell,22,16
Quentin Neujahr,65,25
Quenton Nelson,106,106
Quincy Armstrong,2,0
Quinn Bailey,44,6
Quinn Meinerz,51,42
Quinn Ojinnaka,81,24
Quinton Spain,122,113
R B Nunnery,6,0
R C Thielemann,167,158
R J Prince,8,0
R W Hicks,14,0
Raleigh McKenzie,243,197
Raleigh Roundtree,72,47
Ralph Chase,8,6
Ralph Claypool,30,28
Ralph Hill,26,7
Ralph Jecha,19,3
Ralph Miller,7,3
Ralph Neely,191,186
Ralph Nichols,10,7
Ralph Norwood,11,1
Ralph Perretta,88,25
Ralph Tamm,136,33
Ralph Van Dyke,2,2
Ralph Vince,7,7
Ralph Wenzel,72,2
Ralph Williams,30,25
Ramon Foster,205,179
Ramon Harewood,10,6
Randall McDaniel,237,235
Randin Crecelius,4,2
Randy Beisler,87,60
Randy Cross,198,193
Randy Dixon,121,112
Randy Grimes,118,104
Randy Johnson,22,1
Randy Kirk,3,0
Randy Pass,0,0
Randy Rasmussen,50,3
Randy Thomas,152,152
Randy Van Divier,16,1
Randy Winkler,27,4
Randy Young,9,0
Rashaad Coward,53,26
Rashad Butler,68,8
Rashawn Slater,37,37
Rasheed Walker,24,19
Rashod Hill,94,35
Ray Apolskis,10,0
Ray Bloch,0,0
Ray Bray,37,0
Ray Bucek,11,0
Ray Davis,12,8
Ray Dominguez,4,0
Ray Donaldson,247,231
Ray Evans,12,0
Ray Feinga,12,2
Ray Forsythe,0,0
Ray Frick,3,0
Ray George,11,0
Ray Graves,28,0
Ray Hitchcock,5,0
Ray Kubala,41,3
Ray Lemek,118,46
Ray Mansfield,165,146
Ray Neal,2,2
Ray Parson,14,0
Ray Pinney,132,87
Ray Rissmiller,17,10
Ray Roberts,128,117
Ray Romero,7,0
Ray Schoenke,150,99
Ray Snell,74,45
Ray Stephens,8,6
Ray Suess,6,4
Ray Wagner,5,0
Ray Wietecha,130,24
Ray Willis,54,32
Rayfield Wright,188,132
Raymond DiPierro,17,0
Raymond Smoot,2,0
Red Jackson,6,2
Red Stephens,70,10
Red Weaver,9,9
Reed Bohovich,11,0
Reed Nilsen,3,0
Rees Odhiambo,28,9
Reggie Coleman,0,0
Reggie McElroy,168,91
Reggie Redding,29,14
Reggie Singletary,34,26
Reggie Stephens,5,0
Reggie Wells,148,114
Reid Fragel,7,3
Reid Lennan,10,0
Remi Prudhomme,26,22
Renardo Foster,21,3
Reno Jones,3,3
Revie Sorey,111,79
Rex Hadnot,146,106
Rex Mirich,7,1
Rex Tucker,50,36
Rex Williams,2,0
Rich Baldinger,170,114
Rich Braham,150,143
Rich Buzin,49,28
Rich Druschel,14,0
Rich Koeper,4,0
Rich Michael,83,2
Rich Moran,108,82
Rich Ohrnberger,58,16
Rich Ranglin,4,0
Rich Saul,190,117
Rich Seubert,119,102
Rich Strenger,50,30
Rich Tylski,103,70
Rich Umphrey,47,18
Richard Cheek,14,12
Richard Collier,10,1
Richard Cooper,111,106
Richard Gouraige,3,0
Richard Leavitt,0,0
Richard Mercier,0,0
Richard Stephens,31,2
Richard Stevens,60,3
Richie Incognito,204,203
Richmond Webb,197,196
Rick Cunningham,81,33
Rick DeMulling,88,59
Rick Donnalley,75,51
Rick Harrell,4,0
Rick Johnson,1,0
Rick Kehr,8,0
Rick Leonard,10,1
Rick Mallory,57,37
Rick Nuzum,31,0
Rick Schulte,3,3
Rick Sharp,29,0
Rick Sortun,82,16
Rick Trumbull,0,0
Rick Wagner,85,77
Rickey Bolden,56,28
Rickie Shaw,0,0
Ricky Henry,10,1
Ricky Lee,9,0
Ricky Siglar,118,55
Ricky Stromberg,7,0
Riley Biggs,12,5
Riley Matheson,11,0
Riley Mattson,68,31
Riley Reiff,201,180
Rip Owens,3,2
Rishard Cook,4,0
Rishaw Johnson,20,1
Rob Baxley,6,0
Rob Bohlinger,13,1
Rob Bruggeman,8,0
Rob Crisp,4,0
Rob Davis,62,0
Rob Fada,25,4
Rob Havenstein,150,149
Rob Jamieson,3,1
Rob Monaco,6,0
Rob Murphy,26,0
Rob Petitti,31,18
Rob Selby,64,18
Rob Sims,157,146
Rob Smith,1,1
Rob Taylor,110,91
Rob Woods,2,1
Rob Zatechka,48,9
Robbie Tobeck,181,175
Robert Barr,0,0
Robert Brewster,6,2
Robert Gallery,116,115
Robert Hainsey,53,41
Robert Hicks,39,23
Robert Hunt,0,0
Robert Jenkins,121,34
Robert Myers,7,2
Robert Patton,12,0
Robert Shaw,37,9
Robert Turner,88,34
Robert Washington,3,0
Roberto Garza,237,207
Rocco Moore,7,0
Rocky Freitas,135,119
Rocky Rasley,75,16
Rod Jones,64,41
Rod Milstead,58,23
Rod Payne,6,0
Rod Walters,73,9
Roderick Johnson,48,9
Rodger Saffold,215,212
Rodney Austin,10,0
Rodney Hudson,189,171
Rodney Wallace,42,4
Roger Allen,10,1
Roger Anderson,11,3
Roger Bernhardt,18,4
Roger Caron,10,1
Roger Chanoine,42,20
Roger Davis,73,16
Roger Duffy,178,92
Roger Eason,12,0
Roger Finnie,117,80
Roger Harding,50,0
Roger LeClerc,28,4
Roger Mahoney,49,33
Roger Pillath,21,6
Roger Roesler,0,0
Roger Shoals,106,71
Roger Taylor,13,0
Roger Weber,0,0
Rokevious Watkins,11,1
Rolando Cantu,1,0
Roman Fortin,150,103
Roman Oben,149,135
Ron Baker,160,111
Ron Coder,53,21
Ron Essink,88,74
Ron Hallstrom,175,132
Ron Hansen,12,0
Ron Hunt,28,2
Ron Lewis,4,0
Ron Lou,37,2
Ron Marciniak,12,0
Ron Mattes,98,62
Ron Mikolajczyk,32,26
Ron Mix,147,45
Ron Pasquale,1,0
Ron Plantz,3,3
Ron Sabal,28,0
Ron Sams,15,10
Ron Saul,143,114
Ron Scoggins,3,0
Ron Selesky,2,0
Ron Singleton,59,39
Ron Solt,121,116
Ron Stehouwer,68,6
Ron Stone,184,149
Ron Tilton,10,0
Ron Wooten,104,102
Ron Yary,227,199
Ronald Leary,98,90
Ronald Patrick,3,0
Ronnie Lee,134,85
Ronnie Stanley,101,101
Rory Graves,51,47
Roscoe Hansen,9,0
Rosey Brown,169,64
Ross Burbank,2,0
Ross Gwinn,2,0
Ross Nagel,10,0
Ross Pierschbacher,22,2
Ross Reynolds,3,0
Ross Tucker,53,31
Ross Verba,118,112
Roubbens Joseph,3,0
Roy Adkins,4,0
Roy Foster,179,134
Roy Hord,67,14
Roy Kirksey,34,4
Roy Longstreet,1,1
Roy Martineau,6,2
Roy Mbaeteka,4,0
Roy Schmidt,44,13
Roy Schoemann,3,0
Roy Schuening,9,1
Roy Simmons,63,28
Royce Newman,63,29
Royce Smith,62,22
Rube Leisk,11,0
Ruben Brown,189,189
Ruben Holcomb,4,1
Ruben Mendoza,6,0
Rudy Andabaker,8,3
Rudy Comstock,13,0
Rudy Mucha,36,1
Rudy Niswanger,67,39
Rufus Mayes,144,114
Russ Bailey,21,21
Russ Bolinger,125,76
Russ Freeman,59,40
Russ Grimm,159,125
Russ Hathaway,22,20
Russ Hochstein,181,49
Russ Letlow,11,0
Russ McLeod,3,0
Russ Oltz,16,15
Russ Thomas,20,0
Russ Thompson,34,0
Russ Washington,177,176
Russell Bodine,93,91
Russell Mitchell,3,0
Russell Okung,168,168
Rusty Russell,1,0
Ryan Benjamin,30,0
Ryan Clady,131,130
Ryan Cook,111,58
Ryan Crozier,4,0
Ryan Diem,183,176
Ryan Durand,9,0
Ryan Grigson,0,0
Ryan Groy,91,28
Ryan Harris,148,92
Ryan Hayes,3,0
Ryan Hunter,14,3
Ryan Jensen,130,111
Ryan Kalil,192,189
Ryan Kelly,123,123
Ryan Leahy,0,0
Ryan Lilja,130,123
Ryan McCollum,21,1
Ryan McKee,4,0
Ryan Miller,16,1
Ryan Neuzil,35,7
Ryan Pontbriand,32,0
Ryan Pope,4,0
Ryan Ramczyk,118,118
Ryan Schau,17,5
Ryan Schraeder,115,93
Ryan Seymour,26,3
Ryan Swoboda,3,0
Ryan Tucker,141,104
Ryan Van Demark,19,0
Ryan Wendell,109,64
Ryan Young,68,56
Saahdiq Charles,42,22
Sadarius Hutcherson,1,0
Sage Doxtater,1,0
Sal Cesario,3,3
Sale Isaia,25,14
Sam Baker,95,84
Sam Ball,68,47
Sam Brenner,30,8
Sam Brunelli,60,55
Sam Claphan,90,46
Sam Davis,184,124
Sam DeLuca,83,1
Sam Gruneisen,125,67
Sam Holden,9,0
Sam Jones,14,3
Sam Mustipher,66,54
Sam Schlueter,2,0
Sam Tecklenburg,23,3
Sam Tevi,73,52
Sam Tsoutsouvas,2,0
Sam Turner,1,0
Sam Walton,36,33
Sam Young,160,38
Sammy Powers,4,1
Sammy Williams,32,14
Samson Satele,146,141
Samuel Cosmi,47,39
Sandy Sandberg,13,0
Saul Mielziner,49,25
Scott Adams,66,11
Scott Anderson,8,0
Scott Auer,23,6
Scott Barrows,44,15
Scott Beavers,2,0
Scott Bergold,16,0
Scott Bolzan,0,0
Scott Boucher,2,0
Scott Bowles,0,0
Scott Brumfield,56,29
Scott Conover,71,29
Scott Curry,5,0
Scott Davis,22,6
Scott Dill,111,52
Scott Gragg,176,153
Scott Jackson,0,0
Scott Jones,26,2
Scott Kehoe,3,3
Scott Kooistra,95,2
Scott Leggett,2,2
Scott Mruczkowski,99,16
Scott Parrish,0,0
Scott Peters,7,4
Scott Quessenberry,94,32
Scott Rehberg,79,27
Scott Sanderson,45,6
Scott Shaw,2,0
Scott Tercero,8,4
Scott Urch,3,1
Scott Wedige,7,0
Scott Wells,175,160
Scott Whittaker,0,0
Scott Young,20,2
Sean Bubin,0,0
Sean Dowling,3,3
Sean Farrell,126,109
Sean Harlow,63,16
Sean Hickey,3,0
Sean Locklear,144,114
Sean Love,19,1
Sean Mahan,103,62
Sean Rhyan,21,0
Seantrel Henderson,58,44
Sebastian Gutierrez,7,0
Sebastian Tretola,5,0
Sebastian Vollmer,114,105
Selvish Capers,7,0
Senio Kelemete,127,54
Seth Dittman,0,0
Seth McKinney,100,46
Seth Olsen,26,10
Seth Wand,57,19
Shag Goolsby,8,0
Shane Grice,1,0
Shane Lemieux,22,13
Shane McDermott,5,0
Shane Olivea,65,59
Shaq Calhoun,14,11
Shaq Mason,99,98
Shar Pourdanesh,57,41
Shawn Andrews,68,60
Shawn Bouwens,77,43
Shawn Draper,0,0
Shawn Harper,8,0
Shawn Heffern,1,0
Shawn Hollingsworth,5,0
Shawn Lauvao,122,110
Shawn Lynch,2,1
Shawn Regent,3,3
Shelby Jordan,157,94
Shelley Smith,57,17
Sherman Plunkett,135,17
Shon Coleman,38,21
Shorty Des Jardien,7,7
Sid Abramowitz,23,5
Sid Smith,54,10
Sid Wagner,11,0
Sidy Sow,18,16
Silas Dzansi,3,0
Simon Stepaniak,0,0
Sione Fua,9,1
Siupeli Malamala,68,42
Skippy Scheib,6,6
Slats Dalrymple,1,1
Slok Gill,11,0
Slug Witucki,55,3
Sol Weinberg,1,0
Solomon Freelon,39,11
Solomon Kindley,35,18
Solomon Page,68,58
Sonny Bishop,113,40
Sonny Liles,9,0
Spencer Anderson,12,0
Spencer Brown,57,53
Spencer Burford,41,37
Spencer Drango,47,25
Spencer Folau,94,44
Spencer Long,88,57
Spencer Pulley,63,33
Stacy Andrews,110,58
Staley Faulkner,1,0
Stan Batinski,12,0
Stan Brock,242,230
Stan Campbell,98,15
Stan Clayton,26,14
Stan Eisenhooth,29,0
Stan Fanning,64,1
Stan Galazin,9,0
Stan Jones,14,3
Stan Muirhead,16,16
Stan Rogers,14,2
Stan Thomas,57,7
Stan Waldemore,83,41
Stan Walters,160,155
Stanley Daniels,11,6
Steamer Horning,18,16
Stefan Humphries,40,11
Stefan Rodgers,4,0
Stefen Wisniewski,177,131
Stephane Nembot,4,0
Stephen Goodin,5,0
Stephen Peterman,109,104
Stephen Schilling,43,6
Stephon Heyer,75,42
Steve Alexakos,18,1
Steve Andrako,5,0
Steve August,116,101
Steve Avila,20,20
Steve Baack,39,0
Steve Barnett,28,14
Steve Cisowski,3,3
Steve Collier,10,6
Steve Corbett,14,0
Steve Courson,111,77
Steve Dowden,12,6
Steve Duich,23,4
Steve Edwards,41,24
Steve Everitt,105,100
Steve Gordon,13,1
Steve Hardin,1,0
Steve Herndon,39,13
Steve Hoyem,6,0
Steve Hutchinson,191,191
Steve Ingram,10,0
Steve Justice,14,2
Steve Kenney,93,65
Steve Kinney,12,5
Steve Knight,3,3
Steve Knutson,40,9
Steve Kobolinski,1,0
Steve Korte,84,63
Steve Lawson,66,40
Steve Maneri,12,2
Steve McKinney,147,135
Steve Moore,56,35
Steve Morley,7,0
Steve Mott,77,76
Steve Myhra,64,4
Steve Quinn,9,0
Steve Riley,147,137
Steve Rogers,3,3
Steve Ruzich,36,9
Steve Schindler,30,5
Steve Scifres,8,0
Steve Sciullo,34,18
Steve Slivinski,11,0
Steve Sylvester,100,31
Steve Trapilo,59,54
Steve Vallos,93,17
Steve Wallace,197,142
Steve Wisniewski,215,215
Steve Wright,137,70
Steve Zahursky,26,23
Steven Grace,1,0
Steven Moore,3,0
Steven Tobin,4,0
Stew Barber,129,41
Stockar McDougle,81,56
Stone Forsythe,54,13
Storm Norton,67,29
Stu Clarkson,78,0
Stu MacMillan,2,0
Stu Worden,21,0
Stuart Rindy,2,0
Sua Opeta,4,1
Sully Montgomery,4,0
Swede Hagberg,21,21
Swede Youngstrom,56,56
Syd Kitson,59,15
Sylvester Croom,1,1
T J Clemmings,58,40
T J Johnson,61,6
T J Lang,184,146
T J Washington,0,0
T Marcus Spriggs,32,15
TJ Bass,21,3
Takoby Cofield,4,1
Tam Hopkins,17,1
Tanner Hawkinson,14,1
Tanner Owen,3,1
Tanner Volson,2,0
Tarik Glenn,167,167
Tarlos Thomas,0,0
Tarzan Taylor,23,21
Tarzan White,11,0
Tashawn Manning,3,0
Tavares Washington,7,0
Taylor Boggs,24,5
Taylor Decker,129,129
Taylor Hearn,8,1
Taylor Lewan,134,123
Taylor Moton,132,111
Taylor Whitley,18,11
Tayo Fabuluje,8,0
Teag Whiting,1,0
Ted Albrecht,79,77
Ted Banker,78,52
Ted Connolly,96,16
Ted Fritsch,103,0
Ted Grabinski,21,0
Ted Hazelwood,6,0
Ted Karras,156,93
Ted Larsen,171,108
Ted Lone Wolf,5,4
Ted Million,1,0
Ted Mitchell,21,19
Ted Nesser,12,10
Ted Petersen,111,40
Ted Plumridge,2,2
Ted Schmitt,22,0
Ted Wheeler,15,1
Terence Steele,69,60
Terence Wagner,0,0
Terran Vaughn,2,0
Terrance Pennington,16,9
Terrance Sykes,0,0
Terren Jones,6,0
Terrence Metcalf,87,25
Terrence Wisdom,5,0
Terron Armstead,151,143
Terry Crouch,9,6
Terry Falcon,32,2
Terry Hermeling,125,108
Terry Long,109,93
Terry Owens,132,105
Terry Poole,4,0
Terry Stieve,114,99
Terry Tausch,96,70
Teven Jenkins,35,27
Tex Coulter,70,2
Tex Holcomb,8,0
Tex Kelly,6,3
Tex Williams,5,0
Thatcher Szalay,5,0
Theo Adams,17,0
Thom Dornbrook,23,1
Thomas Austin,19,2
Thomas Guynes,4,0
Thomas Hopkins,2,0
Thomas Rayam,20,13
Thomas Welch,50,3
Thurman Garrett,21,0
Tim Barnes,101,45
Tim Burnham,3,3
Tim Duckworth,8,1
Tim Foley,6,0
Tim Grunhard,179,173
Tim Hanshaw,34,3
Tim Huffman,49,27
Tim Irwin,228,203
Tim Kohn,0,0
Tim Lelito,87,35
Tim Long,2,0
Tim Moynihan,9,4
Tim Norman,1,0
Tim Ridder,0,0
Tim Ruddy,167,149
Tim Ryan,37,1
Tim Simpson,6,0
Tim Stuber,0,0
Tim Vogler,119,41
Timon Parris,12,2
Timothy Stokes,119,83
Tiny Engebretsen,1,0
Tiny Thompson,5,5
Tiny Thornhill,16,16
Toby Myles,14,0
Toby Weathersby,4,0
Todd Burger,60,42
Todd Fordham,117,44
Todd Herremans,162,152
Todd Jones,4,0
Todd Kalis,107,69
Todd McClure,219,215
Todd Norman,0,0
Todd Peat,83,36
Todd Perry,168,147
Todd Rucci,92,82
Todd Sandham,2,0
Todd Steussie,228,199
Todd Stewart,0,0
Todd Wade,104,99
Todd Wandler,0,0
Todd Washington,104,17
Todd Weiner,160,122
Todd Williams,7,0
Tom Ackerman,111,21
Tom Alward,14,9
Tom Andrews,28,2
Tom Ashworth,75,41
Tom Banks,117,111
Tom Barndt,13,0
Tom Baugh,48,16
Tom Bayless,2,0
Tom Beard,12,1
Tom Brahaney,136,53
Tom Budrewicz,2,0
Tom Cable,0,0
Tom Cichowski,13,9
Tom Cobb,11,11
Tom Compton,164,60
Tom Condon,148,131
Tom Cox,3,0
Tom Dahms,81,22
Tom DeLeone,179,103
Tom Dimmick,25,2
Tom Dohring,3,1
Tom Drougas,77,15
Tom Feamster,12,1
Tom Forrest,8,0
Tom Funchess,88,72
Tom Gilburg,71,0
Tom Glassic,111,97
Tom Goode,42,42
Tom Goosby,15,10
Tom Gormley,22,18
Tom Greenfield,22,0
Tom Harmon,10,0
Tom Hogan,12,8
Tom Humphrey,3,3
Tom Jelesky,25,7
Tom Luken,65,17
Tom Lynch,107,55
Tom Mack,196,185
Tom McHale,74,40
Tom McNamara,10,10
Tom Mullen,50,37
Tom Myslinski,67,25
Tom Nalen,207,201
Tom Neville,50,15
Tom Newberry,155,151
Tom Nutten,87,78
Tom Palmer,17,0
Tom Rafferty,221,199
Tom Randall,30,0
Tom Regner,69,48
Tom Rehder,40,0
Tom Ricketts,55,15
Tom Robertson,20,0
Tom Roggeman,25,0
Tom Roth,0,0
Tom Scott,13,13
Tom Taylor,3,3
Tom Thayer,139,130
Tom Toth,51,18
Tom Turnure,65,0
Tom Welter,3,3
Tom Whelan,18,13
Tom Wickert,34,10
Tommie Ginn,27,5
Tommy Doyle,20,1
Tommy Kraemer,20,5
Tommy Lyons,73,62
Tommy Robison,12,4
Tommy Tomlin,16,16
Toniu Fonoti,44,37
Tony Adams,4,1
Tony Ardizzone,17,0
Tony Arena,1,0
Tony Bergstrom,117,29
Tony Berti,33,30
Tony Boselli,97,96
Tony Calvelli,18,0
Tony Coats,0,0
Tony DeLuca,1,0
Tony DiMidio,28,1
Tony Discenzo,16,0
Tony Hills,64,4
Tony Hutson,21,4
Tony LaBissoniere,2,2
Tony Leon,18,0
Tony Liscio,98,90
Tony Mandarich,87,64
Tony Mayberry,164,149
Tony Moll,82,26
Tony Palmer,8,0
Tony Pashos,123,98
Tony Ramirez,31,11
Tony Rubino,11,0
Tony Sardisco,53,0
Tony Semple,115,48
Tony Siano,20,5
Tony Slaton,81,28
Tony Steponovich,24,18
Tony Ugoh,57,38
Tony Wragge,98,30
Tootie Robbins,160,148
Torrin Tucker,37,24
Tra Thomas,196,189
Tracy Franz,3,3
Trai Essex,99,37
Trai Turner,153,144
Travelle Wharton,134,130
Travis Averill,4,0
Travis Bond,5,0
Travis Claridge,54,51
Travis Frederick,121,119
Travis Leffew,0,0
Travis Roach,14,0
Travis Simpson,3,0
Travis Swanson,83,65
Travis Vornkahl,3,0
Tre Jackson,0,0
Tre Johnson,10,3
Tremayne Anchrum,39,8
Trent Brown,66,66
Trent Pollard,17,0
Trent Scott,33,13
Trent Williams,212,211
Trevor Canfield,1,0
Trevor Hutton,4,0
Trevor Matich,150,24
Trevor Penning,28,10
Trevor Robinson,53,23
Trey Darilek,18,0
Trey Hill,40,9
Trey Hopkins,96,80
Trey Pipkins,79,47
Trey Smith,69,69
Trey Teague,94,80
Trezelle Jenkins,11,2
Tristan Wirfs,74,74
Tristen Hoge,2,0
Troy Andrew,9,0
Troy Auzenne,64,35
Troy Drake,32,4
Troy Kropog,24,0
Troy Sienkiewicz,28,6
Trystan Colon Castillo,2,2
Tunch Ilkin,185,149
Tupe Peko,32,12
Turk Edwards,37,0
Tutan Reyes,66,44
Tuufuli Uperesa,2,0
Ty Nsekhe,133,34
Ty Sambrailo,87,26
Ty Wise,0,0
Tykeem Doss,3,0
Tyler Biadasz,69,60
Tyler Catalina,13,4
Tyler Gauthier,4,1
Tyler Johnstone,3,0
Tyler Jones,1,0
Tyler Larsen,119,43
Tyler Linderbaum,36,36
Tyler Marz,22,4
Tyler Polumbus,180,82
Tyler Shatley,177,64
Tyler Smith,36,36
Tyler Steen,14,4
Tyler Vrabel,9,2
Tyre Phillips,53,33
Tyree St Louis,9,4
Tyreek Burwell,27,2
Tyrell Crosby,45,21
Tyrese Robinson,3,0
Tyron Smith,193,190
Tyrone Hopson,23,1
Tyrone McGriff,37,10
Tyronne Green,54,32
Tyrus Thompson,5,0
Tyson Clabo,161,142
Tyson Walter,55,9
Tytus Howard,68,68
Uche Nwaneri,127,109
Ulrick John,27,7
Vadal Alexander,31,13
Valerian Ume Ezeoke,1,0
Van Edmondson,5,3
Vaughn Mancha,12,0
Vaughn Parker,126,108
Vaughn Stewart,29,0
Vederian Lowe,22,11
Vee Green,2,2
Vern Emerson,23,0
Vern Foltz,14,0
Vern Holland,145,130
Vern Winfield,14,7
Vernice Smith,88,33
Vernon Carey,136,122
Vic Lindskog,81,2
Vic Obeck,10,0
Vic Reuter,1,1
Vic Sears,72,1
Victor Allotey,0,0
Victor Carroll,13,0
Victor Leyva,10,0
Victor Perry,1,0
Victor Riley,111,93
Victor Rogers,1,0
Victor Salako,11,0
Vin Shekleton,3,3
Vince Banonis,113,9
Vince Jasper,3,1
Vince Promuto,130,87
Vince Rafferty,3,3
Vince Stroth,16,3
Vinny Tuzeo,0,0
Vinston Painter,29,2
Visco Grgich,26,0
Vitaliy Gurman,6,0
Vladimir Ducasse,148,67
Wade Griffin,78,63
Wade Key,124,118
Wade McRoberts,13,7
Wade Smith,174,110
Waldo Don Carlos,12,6
Walker Little,50,24
Wallace Dickey,22,0
Wally Kersten,3,0
Wally Niemann,21,17
Wally Pesuit,16,5
Wally Williams,112,98
Walt Buland,12,10
Walt Cudzik,74,3
Walt Downing,88,17
Walt Ellis,20,20
Walt Housman,3,0
Walt Houston,11,1
Walt Jurkiewicz,11,0
Walt Kiesling,13,0
Walt LeJean,52,34
Walt Merrill,11,0
Walt Rock,141,129
Walt Sechrist,30,18
Walt Stickel,35,0
Walt Suggs,140,69
Walt Sweeney,185,128
Walt Szot,24,0
Walter Jones,193,193
Walter Voigt,14,4
Wanya Morris,19,4
War Eagle,4,3
Warren Bryant,117,96
Warren Koegel,6,1
Warren Smith,2,2
Warren Wheat,16,7
Wash Serini,36,2
Waverly Jackson,71,23
Wayne DeSutter,15,0
Wayne Fowler,10,0
Wayne Frazier,63,22
Wayne Gandy,223,209
Wayne Hawkins,142,19
Wayne Hunter,99,36
Wayne Jones,6,0
Wayne Jorgensen,8,0
Wayne Lucier,27,20
Wayne Mass,68,21
Wayne Moore,110,80
Wayne Mulligan,87,64
Wayne Radloff,65,42
Wayne Walton,37,2
Wayne Wolff,2,0
Weldon Humble,25,5
Wes Carlson,3,2
Wes Hamilton,125,96
Wes Martin,50,14
Wes Neighbors,0,0
Wes Phillips,8,0
Wes Schweitzer,110,76
Wes Shivers,3,0
Wes Sims,1,0
Wesley Britt,20,5
Wesley French,23,4
Wesley Johnson,75,33
Weston Richburg,97,92
Whitey Woodin,20,14
Wilbert Brown,27,9
Wiley Feagin,30,0
Wilfrid Smith,12,8
Will Barker,12,0
Will Beatty,107,77
Will Clapp,82,28
Will Fries,42,31
Will Grant,132,98
Will Hernandez,103,97
Will Holden,45,12
Will House,3,0
Will Montgomery,144,94
Will Pericak,8,0
Will Rackley,33,32
Will Richardson,53,9
Will Shields,232,231
Will Svitek,101,31
Will Wolford,211,211
Will Yeatman,20,0
Willard Scissum,3,3
William Campbell,4,0
William Dunkle,2,0
William Glass,15,0
William Poehls,8,1
William Roberts,209,165
William Sherman,10,0
William Sweet,3,0
Willie Anderson,201,188
Willie Banks,37,13
Willie Beavers,20,5
Willie Brock,4,0
Willie Colon,128,127
Willie Hector,12,0
Willie Jones,18,0
Willie McClung,76,13
Willie Roaf,192,192
Willie Smith,43,13
Willie Wilkin,23,0
Willie Wright,7,0
Wimpy Winther,16,0
Winford Hood,48,9
Winston Hill,183,124
Winston Justice,85,57
Woody Peoples,179,164
Wyatt Davis,18,0
Wyatt Miller,7,0
Wyatt Teller,99,85
Xavier Newman Johnson,17,4
Xavier Nixon,14,2
Yasir Durant,29,2
Yodny Cajuste,23,7
Yosh Nijman,26,3
Yusuf Scott,24,0
Zac Kerin,34,5
Zach Banner,43,6
Zach Fulton,133,109
Zach Piller,92,62
Zach Sterup,26,5
Zach Strief,202,121
Zach Tom,34,27
Zach Wiegert,147,139
Zachary Crabtree,2,0
Zack Bailey,14,4
Zack Golditch,6,0
Zack Johnson,5,2
Zack Martin,175,174
Zack Williams,4,0
Zane Beadles,168,150
Zed Coston,2,0
Zefross Moss,159,141
Zion Johnson,38,38
